"numberofcustomers","average_payment","min_payment","max_payment","standerd_dev_payment"
"7","3.9900000000000000","0.99","8.99","2.8867513459481288"
"10","3.2900000000000000","0.99","6.99","2.1628170930011113"
"12","4.1566666666666667","0.99","8.99","2.4432963327637869"
"13","2.9130769230769231","0.99","5.99","2.0599975105785307"
"13","5.0669230769230769","0.99","10.99","3.0946604138294523"
"13","4.4515384615384615","0.99","9.99","3.0717905911532179"
"13","5.2976923076923077","0.99","10.99","2.8397363546819913"
"14","4.8471428571428571","0.99","9.99","2.6849192182989806"
"14","4.8471428571428571","0.99","8.99","2.1432234119210702"
"14","4.8471428571428571","0.99","9.99","2.3812454032143916"
"14","4.1328571428571429","0.99","8.99","2.6269942712345037"
"14","4.2757142857142857","0.99","10.99","3.0490495726870852"
"15","3.1900000000000000","0.99","4.99","1.7808505191139910"
"15","4.7900000000000000","0.99","10.99","2.4260491103261462"
"15","3.6566666666666667","0.99","6.99","1.9880595947760098"
"15","5.3900000000000000","0.99","9.99","2.6403462976338106"
"15","4.3233333333333333","0.99","8.99","2.0930724738891344"
"15","4.1900000000000000","0.99","9.99","2.7825989906663056"
"15","4.9233333333333333","1.99","9.99","2.1865389045137937"
"16","3.5525000000000000","0.99","7.99","1.7876893839068725"
"16","4.8650000000000000","0.99","7.99","2.0615528128088303"
"16","4.0525000000000000","0.99","5.99","1.8062391868188443"
"16","3.9900000000000000","0.99","7.99","2.5033311140691450"
"16","3.9275000000000000","0.99","9.99","2.8394541729001368"
"16","5.3025000000000000","0.99","10.99","3.4199171529926472"
"16","3.9900000000000000","0.99","7.99","2.0000000000000000"
"16","4.3025000000000000","0.99","8.99","1.9906029237394383"
"16","4.4900000000000000","0.99","8.99","2.6832815729997476"
"16","4.6775000000000000","0.99","7.99","2.3584952830141510"
"16","4.9275000000000000","0.99","7.99","2.2647663602823729"
"17","4.4017647058823529","0.99","7.99","2.0018373912924273"
"17","3.8723529411764706","0.99","7.99","2.1471595463884510"
"17","4.7547058823529412","0.99","8.99","2.3326329481056884"
"17","4.8135294117647059","1.99","8.99","1.9759584420492963"
"17","3.8723529411764706","0.99","7.99","1.8668942438303941"
"17","4.3429411764705882","0.99","7.99","1.9981609191512903"
"17","2.9900000000000000","0.99","6.99","1.6201851746019651"
"17","5.5194117647058824","0.99","8.99","2.0651164331225833"
"17","4.2841176470588235","0.99","7.99","2.3120528184481681"
"17","3.4605882352941176","0.99","8.99","2.6485290034947590"
"17","4.1076470588235294","0.99","9.99","2.3152308994238693"
"17","4.4017647058823529","0.99","8.99","2.9167366938372189"
"17","4.4605882352941176","0.99","9.99","2.4524897313450552"
"17","4.8135294117647059","0.99","9.99","2.6276247381819730"
"17","3.5194117647058824","0.99","7.99","2.2670919439566057"
"18","4.8788888888888889","0.99","8.99","2.6321292854195819"
"18","3.9344444444444444","0.99","7.99","1.8302112453523990"
"18","4.2677777777777778","0.99","7.99","2.1089600324094939"
"18","3.9344444444444444","0.99","8.99","2.8588813571708577"
"18","3.3788888888888889","0.99","5.99","1.3779306261410682"
"18","5.4900000000000000","0.99","9.99","3.0341196998373641"
"18","3.6011111111111111","0.99","7.99","2.1182370274771337"
"18","4.0455555555555556","0.99","6.99","2.0714366206096228"
"18","4.1011111111111111","0.99","6.99","1.8435543958499072"
"18","3.7677777777777778","0.99","8.99","2.7344330642761281"
"18","4.4900000000000000","0.99","7.99","2.3326329481056884"
"18","4.0455555555555556","0.99","9.99","2.2873622677203648"
"18","4.3788888888888889","0.99","9.99","2.5927248643506743"
"18","3.8233333333333333","0.99","7.99","2.1760730956581074"
"18","4.8233333333333333","0.99","8.99","2.0073394742060652"
"18","3.7122222222222222","0.99","6.99","1.7758363582385146"
"18","3.2677777777777778","0.99","5.99","1.8725746841481165"
"18","4.6566666666666667","0.99","10.99","2.7865221840769438"
"19","4.3584210526315789","0.99","7.99","2.0333477134953107"
"19","4.6742105263157895","0.99","7.99","1.9163806041293157"
"19","4.9900000000000000","0.99","9.99","2.4494897427831781"
"19","3.9900000000000000","0.99","9.99","2.4037008503093262"
"19","4.2531578947368421","0.99","7.99","2.1040201008534404"
"19","4.4636842105263158","1.99","7.99","1.7438278792686565"
"19","4.3057894736842105","0.99","8.99","2.1871501391066302"
"19","3.4636842105263158","0.99","7.99","1.9823785111334083"
"19","4.0952631578947368","0.99","9.99","2.4242922642404608"
"19","3.0426315789473684","0.99","7.99","2.4826886011053580"
"19","4.3057894736842105","0.99","8.99","2.4732486863086545"
"19","4.8321052631578947","0.99","9.99","2.4097754135727356"
"19","3.5163157894736842","0.99","7.99","1.9541528728050929"
"19","3.8847368421052632","0.99","9.99","2.2581884785549595"
"19","4.4110526315789474","0.99","9.99","2.8541546612630081"
"19","3.8847368421052632","0.99","7.99","2.3068674489230162"
"19","3.8847368421052632","0.99","6.99","1.7917941611104423"
"19","3.6215789473684211","0.99","6.99","2.1911571350871381"
"19","4.8847368421052632","0.99","9.99","2.6224402724287431"
"19","4.5689473684210526","0.99","7.99","2.2928824526173311"
"19","4.4636842105263158","0.99","10.99","2.4803319906064452"
"19","4.1478947368421053","0.99","8.99","2.0072966313133371"
"19","4.5689473684210526","0.99","8.99","2.6313450188424806"
"19","4.3057894736842105","0.99","9.99","2.6677629325574425"
"19","4.2005263157894737","0.99","8.99","2.3470773165416945"
"19","3.7268421052631579","0.99","7.99","2.6213250521901640"
"19","4.6215789473684211","0.99","10.99","2.5649458802128852"
"19","3.3057894736842105","0.99","8.99","2.4506831605118550"
"19","4.5689473684210526","0.99","11.99","3.0242683132303848"
"19","4.2005263157894737","0.99","7.99","2.1493913187076179"
"19","3.9373684210526316","0.99","9.99","2.5489362533009359"
"19","2.7794736842105263","0.99","9.99","2.0433889978394295"
"19","4.6742105263157895","0.99","9.99","2.6885070532618278"
"19","4.0952631578947368","0.99","7.99","2.1316330943956577"
"19","3.7268421052631579","0.99","6.99","1.8209309360006520"
"19","3.7794736842105263","0.99","8.99","2.0970600417521312"
"19","4.8321052631578947","0.99","9.99","2.2425966570210238"
"19","4.5689473684210526","0.99","8.99","1.8353258709644941"
"20","4.2900000000000000","0.99","10.99","2.6576602293628210"
"20","4.5900000000000000","0.99","10.99","2.8910023757932309"
"20","4.6900000000000000","0.99","6.99","1.8381913307436342"
"20","3.9400000000000000","0.99","7.99","2.0384462607326044"
"20","4.4900000000000000","0.99","8.99","2.2826577307580464"
"20","4.4400000000000000","0.99","9.99","2.3277502126799557"
"20","4.0400000000000000","0.99","9.99","2.6452539426400316"
"20","4.6400000000000000","0.99","10.99","2.9249381459946699"
"20","4.6400000000000000","0.99","10.99","2.6808286228819547"
"20","4.2400000000000000","0.99","8.99","2.3367769075779300"
"20","3.8400000000000000","0.99","7.99","2.3004576203785834"
"20","3.7900000000000000","0.99","7.99","1.9894458366193600"
"20","3.7400000000000000","0.99","10.99","2.5520889276702021"
"20","4.8900000000000000","0.99","8.99","2.4257391711220292"
"20","4.0900000000000000","0.99","6.99","1.8609561775433730"
"20","4.3400000000000000","0.99","8.99","2.3004576203785834"
"20","3.9900000000000000","0.99","9.99","2.6357861106418767"
"20","4.4400000000000000","0.99","10.99","2.9642608025042530"
"20","4.0900000000000000","0.99","7.99","1.9708400559953589"
"20","3.5900000000000000","0.99","6.99","2.3260538075868911"
"20","3.9900000000000000","0.99","9.99","2.5546654946340204"
"20","4.3900000000000000","0.99","8.99","2.1618705350983245"
"20","3.8400000000000000","0.99","8.99","2.1095023109728986"
"20","4.2900000000000000","0.99","8.99","2.3863647755750300"
"20","2.9400000000000000","0.99","5.99","2.1392325234704348"
"20","3.8900000000000000","0.99","9.99","2.5731406163633863"
"20","4.8900000000000000","0.99","10.99","2.8078836383147699"
"20","3.6900000000000000","0.99","9.99","2.1299864096428310"
"20","4.6900000000000000","0.99","9.99","2.6177531547010632"
"20","4.3900000000000000","0.99","8.99","2.3485717944495992"
"20","4.3900000000000000","0.99","9.99","2.3033156878497434"
"20","4.7900000000000000","0.99","9.99","2.6277867413271452"
"20","4.1900000000000000","0.99","7.99","2.5256578090511495"
"20","3.9400000000000000","0.99","7.99","2.1878853044122669"
"20","4.2400000000000000","0.99","7.99","2.1490511982341367"
"20","4.3400000000000000","0.99","9.99","2.5603248149199228"
"20","4.3900000000000000","0.99","9.99","2.5833474815685008"
"21","5.0852380952380952","0.99","10.99","2.8966318700304653"
"21","4.0376190476190476","0.99","9.99","2.5976179564399087"
"21","4.6566666666666667","0.99","10.99","2.6331223544175332"
"21","4.1328571428571429","0.99","6.99","1.7687768170607135"
"21","4.6090476190476190","0.99","7.99","2.1089378956287564"
"21","3.7519047619047619","0.99","8.99","2.4063408300729534"
"21","3.1804761904761905","0.99","6.99","1.8606194564995718"
"21","3.3233333333333333","0.99","5.99","1.7416467303484175"
"21","3.9900000000000000","0.99","9.99","2.6645825188948456"
"21","4.5614285714285714","0.99","7.99","2.1580414400893364"
"21","4.5614285714285714","0.99","8.99","2.4611263391266319"
"21","4.6090476190476190","0.99","8.99","2.1789031753657728"
"21","4.4185714285714286","0.99","8.99","2.0632844828435213"
"21","3.5614285714285714","0.99","10.99","2.8385106758902382"
"21","4.4661904761904762","0.99","8.99","2.2938842084780046"
"21","4.1804761904761905","0.99","9.99","2.5810665938531617"
"21","4.8471428571428571","0.99","9.99","2.2424476423255524"
"21","3.0376190476190476","0.99","6.99","2.2017309208027778"
"21","3.6090476190476190","0.99","9.99","2.3764719749281807"
"21","3.3233333333333333","0.99","7.99","2.1291625896895083"
"21","3.4661904761904762","0.99","8.99","2.4211370803621925"
"21","4.6090476190476190","0.00","9.99","2.2234273200667135"
"21","3.4185714285714286","0.99","8.99","2.2264642052238022"
"21","4.9900000000000000","0.99","10.99","2.5884358211089569"
"21","4.4661904761904762","0.99","9.99","2.4417012024211238"
"21","4.4185714285714286","0.99","9.99","2.3145502494313786"
"21","3.7519047619047619","0.99","8.99","2.5671922776598154"
"21","4.1804761904761905","0.99","9.99","2.0885173597326793"
"21","5.1328571428571429","0.99","9.99","2.3083698639021063"
"21","3.7042857142857143","0.99","9.99","2.6104186856298961"
"21","4.3709523809523810","0.99","9.99","2.7834545168942581"
"22","4.1263636363636364","0.99","8.99","2.0769816594887914"
"22","4.0809090909090909","0.00","6.99","1.5996782685185677"
"22","3.4445454545454545","0.99","5.99","1.8446130766633426"
"22","4.8081818181818182","0.99","10.99","2.2389700786270041"
"22","3.7172727272727273","0.99","8.99","2.1642510676866222"
"22","2.8990909090909091","0.99","6.99","2.0215291456172693"
"22","4.3081818181818182","0.99","9.99","2.6437052576218645"
"22","4.3536363636363636","0.99","8.99","2.2370357628632146"
"22","3.3536363636363636","0.99","8.99","2.4012983501084921"
"22","4.3990909090909091","0.99","7.99","2.1080139809125896"
"22","4.0809090909090909","0.99","9.99","1.9495809295501946"
"22","3.5809090909090909","0.99","7.99","2.0156315543200257"
"22","4.5354545454545455","0.99","8.99","2.7207714719537550"
"22","4.7627272727272727","0.99","7.99","2.1365708658818375"
"22","4.4445454545454545","0.99","8.99","2.5584085962673252"
"22","4.9445454545454545","0.00","8.99","2.4381369297706986"
"22","4.3536363636363636","0.99","8.99","2.3000094108597230"
"22","4.3536363636363636","0.99","9.99","2.7000080166627821"
"22","4.3536363636363636","0.99","8.99","2.4793519611354390"
"22","4.2627272727272727","0.99","9.99","1.9317354196684730"
"22","4.4445454545454545","0.99","9.99","2.4635876418881609"
"22","4.4445454545454545","0.99","10.99","2.5397276330773050"
"22","4.8081818181818182","0.99","10.99","2.5380225455181523"
"22","3.9900000000000000","0.99","6.99","1.8257418583505537"
"22","3.5354545454545455","0.99","7.99","1.9451349011186303"
"22","3.7627272727272727","0.99","10.99","2.7762910884473566"
"22","3.6263636363636364","0.99","6.99","2.3000094108597230"
"22","4.2172727272727273","0.99","8.99","2.0220644373373932"
"22","4.1718181818181818","0.99","9.99","2.4810973692791978"
"22","3.4900000000000000","0.99","7.99","1.9456912102680337"
"22","3.6718181818181818","0.99","7.99","1.9120261912024521"
"22","3.8081818181818182","0.99","7.99","2.3224856068314813"
"22","4.8081818181818182","0.99","8.99","2.2389700786270041"
"22","3.6718181818181818","0.99","6.99","1.8869568253158472"
"22","3.8990909090909091","0.99","9.99","2.4084986611716854"
"22","4.1263636363636364","0.00","8.99","2.6589570913899333"
"22","4.8990909090909091","0.99","10.99","2.4670995291191814"
"22","4.0809090909090909","0.99","10.99","2.4670995291191814"
"22","4.3990909090909091","0.99","6.99","1.8938268364821760"
"22","4.3081818181818182","0.99","8.99","2.1466776908108744"
"22","3.8990909090909091","0.99","9.99","2.5803117365947584"
"22","4.2627272727272727","0.99","10.99","2.9468598005305044"
"22","4.1718181818181818","0.99","9.99","2.4424102778542276"
"22","4.7172727272727273","0.99","9.99","2.8314865384310089"
"22","3.7172727272727273","0.99","6.99","1.9317354196684730"
"22","4.6718181818181818","0.99","10.99","2.6616565489212887"
"22","3.8990909090909091","0.99","8.99","1.9738550848793070"
"22","4.4445454545454545","0.99","7.99","2.3850181735810082"
"22","4.6263636363636364","0.99","8.99","2.3410509350544854"
"22","3.3536363636363636","0.99","6.99","1.8399134178763373"
"22","4.2172727272727273","0.99","10.99","2.5058373409343191"
"22","4.0809090909090909","0.99","10.99","2.2447630251233735"
"22","4.0354545454545455","0.99","8.99","2.3192213949487183"
"22","4.0354545454545455","0.00","9.98","2.6793277893153355"
"22","3.4445454545454545","0.99","5.99","1.7654696590094991"
"23","4.4247826086956522","0.99","8.99","2.5013830166624684"
"23","4.5117391304347826","0.99","9.99","2.7447398488644901"
"23","4.2943478260869565","0.99","8.99","2.5304470070198997"
"23","4.6856521739130435","0.99","7.99","1.8199596051634985"
"23","3.8595652173913043","0.99","9.99","2.7847694180061750"
"23","4.3378260869565217","0.99","9.99","2.6901959315629091"
"23","4.5986956521739130","0.99","8.99","2.0167284586402127"
"23","4.2508695652173913","0.99","8.99","2.2606795298668260"
"23","3.8160869565217391","0.99","6.99","1.8003073957987255"
"23","4.8160869565217391","0.99","10.99","2.4430266978975723"
"23","3.9030434782608696","0.99","6.99","1.8068818816921464"
"23","3.8160869565217391","0.99","7.99","2.0813495166061561"
"23","4.9465217391304348","0.99","8.99","2.0993128934263060"
"23","5.2943478260869565","0.99","9.99","2.4759714825919736"
"23","3.7726086956521739","0.99","8.99","2.2953811673788108"
"23","5.1204347826086957","0.99","9.99","2.6164574910308674"
"23","3.3813043478260870","0.99","5.99","1.7513405368143935"
"23","3.6421739130434783","0.99","9.99","2.3473136609590337"
"23","5.1204347826086957","0.99","9.99","3.2933037822787532"
"23","3.2508695652173913","0.99","7.99","2.0936568987028811"
"23","3.9030434782608696","0.99","8.99","2.2746237147005790"
"23","4.7726086956521739","0.99","8.99","2.4300490406411449"
"23","4.5986956521739130","0.99","7.99","1.9711355849030645"
"23","3.7291304347826087","0.99","9.99","2.7004610936980883"
"23","4.2073913043478261","0.99","7.99","2.2754923890552175"
"23","4.4682608695652174","0.99","8.99","1.9970333729034471"
"23","4.2073913043478261","0.99","10.99","3.0444662428014064"
"23","4.3813043478260870","0.99","8.99","1.9711355849030645"
"23","4.6421739130434783","0.99","9.99","2.7733913544148585"
"23","3.7291304347826087","0.99","9.99","2.2404827260770841"
"23","3.1204347826086957","0.99","9.99","2.3414127014977898"
"23","4.7726086956521739","0.99","9.99","2.9069903483457757"
"23","3.9900000000000000","0.99","9.99","2.6457513110645906"
"23","3.5117391304347826","0.99","7.99","1.9970333729034471"
"23","3.7726086956521739","0.99","10.99","2.6621338286681101"
"23","3.9030434782608696","0.99","9.99","2.5568631967930205"
"23","3.9030434782608696","0.99","6.99","2.1724105479703431"
"23","4.8595652173913043","0.99","8.99","2.3022587293605808"
"23","3.7291304347826087","0.99","8.99","2.3782612308603609"
"23","3.9030434782608696","0.99","8.99","1.9751419621766401"
"23","3.5117391304347826","0.99","8.99","2.2129693178128403"
"23","4.1204347826086957","0.99","8.99","1.9141660378748129"
"23","3.4247826086956522","0.99","8.99","2.2927967629180374"
"23","4.5117391304347826","0.99","7.99","2.0641873861685599"
"23","4.4682608695652174","0.99","9.99","2.9828230255214652"
"23","4.6421739130434783","0.99","8.99","2.3278686243033154"
"23","3.9465217391304348","0.99","8.99","2.4022387450339511"
"23","4.7291304347826087","0.99","8.99","2.3202153368784903"
"23","2.9900000000000000","0.99","6.99","1.8829377433825436"
"24","4.6150000000000000","0.99","9.99","2.4989128070805720"
"24","3.9483333333333333","0.99","7.99","2.2742254613989709"
"24","4.2816666666666667","0.99","8.99","2.1564698743178815"
"24","3.9483333333333333","0.99","8.99","2.1564698743178815"
"24","4.4066666666666667","0.99","6.99","1.8862584696941068"
"24","4.1150000000000000","0.00","7.99","2.2893439348804524"
"24","3.8650000000000000","0.99","8.99","2.2901015735969670"
"24","4.4066666666666667","0.99","9.99","2.5352586124267595"
"24","4.9900000000000000","2.99","8.99","1.6681153124565981"
"24","4.5733333333333333","0.99","8.99","2.3575349444902728"
"24","3.9483333333333333","0.99","9.99","2.6942639015164221"
"24","4.7816666666666667","0.99","9.99","2.1054621854815521"
"24","3.6150000000000000","0.99","7.99","2.0390215044604542"
"24","5.4483333333333333","0.99","10.99","2.5363302258366819"
"24","3.7400000000000000","0.99","7.99","1.9167454300136627"
"24","4.6983333333333333","0.99","8.99","2.1964233112765036"
"24","3.4483333333333333","0.99","6.99","1.9995470501583856"
"24","4.5316666666666667","0.99","10.99","2.1054621854815521"
"24","4.0316666666666667","0.99","8.99","2.5104852582487032"
"24","3.7400000000000000","0.99","7.99","2.3819977001412619"
"24","3.6983333333333333","0.00","7.99","2.1548583463312903"
"24","4.1983333333333333","0.99","10.99","2.5191297093944216"
"24","4.2400000000000000","0.99","6.99","1.8237562766229865"
"24","3.0733333333333333","0.99","7.99","2.0624313778658909"
"24","4.6150000000000000","0.99","9.99","2.3922428988203772"
"24","3.4066666666666667","0.99","8.99","2.1852602405298504"
"24","3.9900000000000000","0.99","8.99","2.1869176243407464"
"24","3.9483333333333333","0.99","9.99","2.2742254613989709"
"24","4.0316666666666667","0.99","9.99","2.7894080198940555"
"24","4.1150000000000000","0.99","8.99","2.4550303283347598"
"24","4.4483333333333333","0.00","8.99","2.6026619594873090"
"24","3.9900000000000000","0.99","8.99","2.1467872861962624"
"24","3.9900000000000000","0.99","7.99","1.9781414201873610"
"24","4.1983333333333333","0.99","8.99","2.1463653132612385"
"24","4.9066666666666667","0.99","9.99","2.6851713032013864"
"24","4.6983333333333333","0.99","9.99","2.4931064377889941"
"24","4.6566666666666667","0.99","8.99","2.2393063108076993"
"24","4.3650000000000000","0.99","9.99","2.9014614008925856"
"24","4.2816666666666667","0.99","7.99","1.9886453039512944"
"24","3.4066666666666667","0.99","8.99","2.4480101354341664"
"24","4.5316666666666667","0.99","9.99","2.0425722629261767"
"24","4.9483333333333333","0.99","9.99","2.9263297485248393"
"24","4.0316666666666667","0.99","9.99","2.4223446540879367"
"24","4.6566666666666667","0.99","7.99","2.0571543592961162"
"24","3.8650000000000000","0.00","10.99","2.8628444353246939"
"24","3.9066666666666667","0.99","8.99","2.5523504370723054"
"24","4.8650000000000000","0.99","10.99","2.9089442280214192"
"25","3.5500000000000000","0.99","7.99","2.2744962812309308"
"25","3.9100000000000000","0.99","8.99","2.2345767682792492"
"25","3.4700000000000000","0.00","6.99","2.1027779245559908"
"25","4.3500000000000000","0.99","7.99","2.1771541057077241"
"25","3.7900000000000000","0.99","9.99","2.1794494717703368"
"25","4.7100000000000000","0.99","9.99","2.1702534414210705"
"25","4.3900000000000000","0.99","8.99","2.5331140255951106"
"25","4.0300000000000000","0.99","8.99","2.4234960972391380"
"25","3.2700000000000000","0.99","5.99","1.4583095236151572"
"25","4.7500000000000000","0.99","9.99","2.3323807579381202"
"25","3.6700000000000000","0.99","7.99","2.0558858593479033"
"25","4.1900000000000000","0.99","9.99","2.4152294576982398"
"25","4.5500000000000000","0.99","8.99","2.0428737928059416"
"25","3.4700000000000000","0.00","8.99","2.3818777606473987"
"25","4.0300000000000000","0.99","7.99","2.2263572639328726"
"25","4.3900000000000000","0.99","10.99","2.6925824035672520"
"25","3.6700000000000000","0.99","7.99","2.0149441679609884"
"25","3.9500000000000000","0.99","8.99","2.5573423705088844"
"25","4.7900000000000000","0.99","9.99","2.1794494717703368"
"25","3.9500000000000000","0.99","8.99","2.3359509127262642"
"25","3.8700000000000000","0.99","6.99","1.9000000000000000"
"25","4.6700000000000000","0.99","10.99","2.4447222064411872"
"25","4.5100000000000000","0.99","8.99","2.6789301347117410"
"25","4.1100000000000000","0.99","9.99","2.7282473006187202"
"25","4.7500000000000000","0.99","9.99","2.8618176042508369"
"25","3.1900000000000000","0.99","7.99","2.2730302828309760"
"25","4.8300000000000000","0.99","8.99","1.9933221850301404"
"25","4.3500000000000000","0.99","7.99","1.9974984355438179"
"25","4.2700000000000000","0.99","7.99","2.3187640385918242"
"25","3.3900000000000000","0.99","7.99","2.3979157616563598"
"25","4.1900000000000000","0.99","9.99","2.9011491975882017"
"25","3.7500000000000000","0.99","7.99","2.1847959477565252"
"25","4.7100000000000000","0.99","9.99","2.6381811916545838"
"25","3.7100000000000000","0.99","5.99","1.6206994374857624"
"25","3.6300000000000000","0.99","9.99","2.4812631191928571"
"25","3.7100000000000000","0.99","9.99","2.2825424421026655"
"25","3.4700000000000000","0.99","10.99","2.4852900568478253"
"25","3.7100000000000000","0.99","8.99","2.4752104287649296"
"25","4.1100000000000000","0.99","9.99","2.2605309110914630"
"25","3.9500000000000000","0.99","8.99","2.3713568549109881"
"25","3.8700000000000000","0.99","9.99","2.2233608194203057"
"25","3.9100000000000000","0.99","8.99","2.2898325994127460"
"25","3.7500000000000000","0.99","7.99","2.1847959477565252"
"25","3.4300000000000000","0.99","7.99","1.9807406022327440"
"26","3.9900000000000000","0.99","10.99","2.6381811916545838"
"26","3.7976923076923077","0.99","8.99","2.1169644450340826"
"26","4.8746153846153846","0.99","10.99","2.2149839381254768"
"26","4.1053846153846154","0.99","11.99","2.7029897976414647"
"26","3.6053846153846154","0.99","10.99","2.5780135465419584"
"26","4.8361538461538462","0.99","8.99","2.2924625657542623"
"26","4.2976923076923077","0.99","8.99","2.3793987605146098"
"26","4.7592307692307692","0.99","10.99","2.7027051975040461"
"26","4.6438461538461538","0.99","9.99","2.9112513830627226"
"26","4.1053846153846154","0.99","8.99","2.2149839381254768"
"26","4.3361538461538462","0.99","9.99","2.6972920893712300"
"26","4.1438461538461538","0.99","8.99","2.6182789414775148"
"26","4.0669230769230769","0.99","9.99","2.6970068879864126"
"26","4.0284615384615385","0.99","9.99","2.8911004026947142"
"26","4.6438461538461538","0.99","8.99","2.6067958522647329"
"26","3.8361538461538462","0.99","9.99","2.8098727044805100"
"26","3.8361538461538462","0.99","10.99","2.6335118407526888"
"26","3.7207692307692308","0.99","7.99","2.2010487011003152"
"26","4.7207692307692308","0.99","8.99","2.4258226201879198"
"26","4.4515384615384615","0.99","8.99","2.5334682825055337"
"26","5.0669230769230769","0.99","8.99","2.0576311996677524"
"26","4.8361538461538462","0.99","10.99","2.7231203820956237"
"26","4.0284615384615385","0.99","9.99","2.5531277951684163"
"26","4.3746153846153846","0.99","8.99","2.5934829565959839"
"26","4.4900000000000000","0.99","7.99","2.0832666655999659"
"26","4.3746153846153846","0.99","8.99","2.1922941969895022"
"26","4.4130769230769231","0.99","10.99","2.2657992307012009"
"26","3.9900000000000000","0.99","9.99","2.0784609690826528"
"26","4.7976923076923077","0.99","10.99","2.8145227768732769"
"26","3.6053846153846154","0.99","10.99","2.7867819875537172"
"26","4.2592307692307692","0.99","8.99","2.0505158825562373"
"26","4.4515384615384615","0.99","9.99","2.3191510383029257"
"26","4.0669230769230769","0.99","7.99","2.0576311996677524"
"26","4.7207692307692308","0.99","10.99","2.6766799182224580"
"26","4.6053846153846154","0.99","9.99","2.3677317935428933"
"26","4.7592307692307692","0.99","10.99","2.3031750659937652"
"26","3.9900000000000000","0.99","8.99","2.2627416997969521"
"27","4.1011111111111111","0.99","8.99","2.1182963643408085"
"27","4.2492592592592593","0.99","8.99","2.2632956330331931"
"27","4.6937037037037037","0.99","10.99","2.4622506092349866"
"27","4.3974074074074074","0.99","10.99","2.3738845033673469"
"27","4.0640740740740741","0.99","8.99","2.3357740592446984"
"27","3.6937037037037037","0.99","9.99","2.4932958541906367"
"27","4.1751851851851852","0.99","9.99","2.7179890337277646"
"27","4.7307407407407407","0.00","10.99","2.8763316995061688"
"27","4.6937037037037037","0.99","7.99","2.1981603289816764"
"27","4.8788888888888889","0.99","11.99","3.2972404934725146"
"27","4.9900000000000000","0.99","11.99","2.6457513110645906"
"27","3.9900000000000000","0.99","8.99","2.4494897427831781"
"27","4.5085185185185185","0.99","9.99","2.6219542091050855"
"27","5.6196296296296296","0.99","10.99","3.0652914047462757"
"27","3.9159259259259259","0.99","7.99","1.9200546051114501"
"27","3.2862962962962963","0.99","6.99","2.0346009779809749"
"27","4.7307407407407407","0.99","10.99","2.8634647194317236"
"27","4.2122222222222222","0.99","9.99","2.5318484177091665"
"27","4.2492592592592593","0.99","8.99","2.5052651109919039"
"27","4.0640740740740741","0.99","8.99","2.2689530951846819"
"27","4.3233333333333333","0.99","9.99","2.4806946917841691"
"27","3.9529629629629630","0.99","7.99","2.0844014355995211"
"27","4.1381481481481481","0.99","8.99","2.2651830237431436"
"27","4.2122222222222222","0.99","9.99","2.5770187506158431"
"27","3.9529629629629630","0.00","10.99","2.6810098769146600"
"27","3.3603703703703704","0.99","7.99","1.9443833934249646"
"27","4.1011111111111111","0.99","7.99","2.3588350014578307"
"27","3.8418518518518519","0.99","7.99","1.8543857308409269"
"27","3.8788888888888889","0.99","8.99","2.2245714078711766"
"27","3.8418518518518519","0.99","7.99","1.9155979926685216"
"27","4.0640740740740741","0.99","8.99","2.2347935014900133"
"27","4.1381481481481481","0.99","8.99","2.2481394650090225"
"27","4.7677777777777778","0.99","9.99","2.3750843439814176"
"27","4.1381481481481481","0.99","9.99","2.7554659483638321"
"27","4.3233333333333333","0.99","8.99","2.4337372337779038"
"27","3.2122222222222222","0.99","6.99","2.1000610491736687"
"27","3.9529629629629630","0.99","9.99","2.2783509806180414"
"27","4.6937037037037037","0.99","9.99","3.0231773251996218"
"27","3.9900000000000000","0.99","7.99","1.5932550136313830"
"27","4.0270370370370370","0.99","7.99","1.8704479406215770"
"27","4.5085185185185185","0.99","8.99","2.2764745072888873"
"27","3.9900000000000000","0.99","10.99","2.3369934663020480"
"28","4.6685714285714286","0.99","8.99","2.3262363726362077"
"28","4.8114285714285714","0.99","9.99","2.7223841869537190"
"28","4.3828571428571429","0.99","8.99","2.4846087062715576"
"28","4.8471428571428571","0.99","10.99","2.9022888249242912"
"28","4.0614285714285714","0.99","8.99","2.1930626551751342"
"28","4.6328571428571429","0.99","8.99","2.0223617604046735"
"28","4.4900000000000000","0.99","9.99","2.7954990278686943"
"28","4.1328571428571429","0.99","10.99","2.7313581713714260"
"28","4.6685714285714286","0.99","8.99","2.4653685988189125"
"28","3.5614285714285714","0.99","6.99","1.6426846010152705"
"28","4.0971428571428571","0.00","7.99","2.0961938296418515"
"28","4.2042857142857143","0.99","10.99","2.8330998970129921"
"28","3.8828571428571429","0.99","8.99","2.3148359787392299"
"28","4.5257142857142857","0.99","8.99","2.1684973950597571"
"28","3.9185714285714286","0.99","9.99","2.6236611602106480"
"28","3.5971428571428571","0.99","7.99","2.5580560575661343"
"28","4.2757142857142857","0.99","7.99","2.3389953977935636"
"28","4.9900000000000000","2.99","9.99","1.6996731711975949"
"28","4.1685714285714286","0.99","8.99","1.9823960703891087"
"28","3.7400000000000000","0.99","6.99","1.9930434571835663"
"28","3.9542857142857143","0.99","9.99","2.6031625048112203"
"28","4.7757142857142857","0.99","8.99","2.1491969707422396"
"28","3.8114285714285714","0.99","7.99","2.0914919613373187"
"28","4.9185714285714286","0.99","10.99","2.7342623276105890"
"28","3.9542857142857143","0.99","8.99","2.1513500129701997"
"28","3.4185714285714286","0.99","6.99","2.1846022000553722"
"28","3.9185714285714286","0.99","10.99","2.4332354840078509"
"28","3.9185714285714286","0.99","8.99","1.9422890548233990"
"28","4.7400000000000000","0.99","9.99","2.3668231560156437"
"28","3.7757142857142857","0.99","7.99","2.1144501580551552"
"28","4.4185714285714286","0.99","9.99","3.1201682222998387"
"28","4.0971428571428571","0.99","10.99","2.4994708434695727"
"28","4.2757142857142857","0.99","9.99","2.7869689211033135"
"28","4.0257142857142857","0.99","8.99","2.1340648547391441"
"29","5.0934482758620690","0.99","9.99","2.2574452625258697"
"29","4.4382758620689655","0.99","8.99","2.5716338177529937"
"29","3.7486206896551724","0.99","6.99","1.8642342819849867"
"29","3.9900000000000000","0.99","8.99","2.4494897427831781"
"29","4.8865517241379310","0.99","9.99","2.4834427081632191"
"29","3.0934482758620690","0.00","6.99","1.8955761955934382"
"29","4.3003448275862069","0.99","8.99","2.4216795865069420"
"29","3.8520689655172414","0.99","11.99","3.0440121307604457"
"29","3.7831034482758621","0.99","9.99","2.5267046628369471"
"29","4.4727586206896552","0.00","9.99","2.2608593444461462"
"29","3.8520689655172414","0.99","8.99","2.0128894996822440"
"29","3.4382758620689655","0.99","6.99","2.0802851263460381"
"29","3.8175862068965517","0.99","10.99","2.5364340198289828"
"29","4.0244827586206897","0.99","6.99","1.8989237293923264"
"29","4.6106896551724138","0.99","10.99","2.3209264329980739"
"29","4.2313793103448276","0.00","10.99","2.8103796440769999"
"29","4.1624137931034483","0.99","8.99","2.2845594373226752"
"29","4.4382758620689655","0.99","9.99","2.5296273991094268"
"29","4.2658620689655172","0.99","10.99","2.9142084409730241"
"29","3.7141379310344828","0.99","6.99","1.9981518554500365"
"29","3.8520689655172414","0.00","7.99","1.9023338660527059"
"29","4.6451724137931034","0.99","8.99","2.8065721602410999"
"29","3.6106896551724138","0.99","8.99","2.2266854467611122"
"29","3.9210344827586207","0.99","6.99","1.8885185895442457"
"30","3.5900000000000000","0.99","10.99","2.3722534027579245"
"30","4.3566666666666667","0.99","9.99","2.5928726358514269"
"30","4.0566666666666667","0.99","8.99","2.4765567494675613"
"30","4.2900000000000000","0.99","9.99","2.5209467296619148"
"30","4.7900000000000000","0.99","9.99","2.0910317532508798"
"30","3.0566666666666667","0.99","6.99","1.9286109586656033"
"30","4.1233333333333333","0.99","8.99","2.3741907272153605"
"30","3.8233333333333333","0.99","9.99","2.3205726601992810"
"30","3.9566666666666667","0.99","8.99","2.3412836640190139"
"30","3.5900000000000000","0.99","7.99","2.1270020994428950"
"30","3.9566666666666667","0.99","7.99","2.0423673439947310"
"30","4.5900000000000000","0.99","8.99","2.6600492606276142"
"30","4.5233333333333333","0.99","9.99","2.4457328544635244"
"30","4.2233333333333333","0.99","10.99","2.3146211924130946"
"30","4.0233333333333333","0.99","7.99","2.2047493146001622"
"30","4.3233333333333333","0.99","9.99","2.3683739996670396"
"30","4.4900000000000000","0.99","8.99","2.6490076216029173"
"30","3.8566666666666667","0.99","8.99","2.2702473408212038"
"30","4.0900000000000000","0.99","9.99","2.5508619232965429"
"30","5.1566666666666667","0.99","10.99","2.2450456309521798"
"30","4.4233333333333333","0.99","9.99","2.8849590128365995"
"30","4.0566666666666667","0.99","8.99","2.1961303480775285"
"30","4.1233333333333333","0.99","9.99","2.4315928273789836"
"30","3.7900000000000000","0.99","10.99","2.8088529994312257"
"30","4.8233333333333333","0.99","10.99","2.8049627612419426"
"30","4.7566666666666667","0.99","10.99","2.5955310842283131"
"30","4.4566666666666667","0.99","8.99","2.2396633572979196"
"30","4.4900000000000000","0.99","9.99","2.7259923849414218"
"30","4.8566666666666667","0.99","8.99","2.3886705772116802"
"30","3.5233333333333333","0.99","9.99","2.0633640649114291"
"30","3.3900000000000000","0.99","7.99","2.2682212383731214"
"31","4.2480645161290323","0.99","9.99","2.3376304517678277"
"31","4.3448387096774194","0.99","11.99","2.6651877619506684"
"31","4.8932258064516129","0.99","10.99","2.8908457667803428"
"31","4.5061290322580645","0.99","9.99","2.7552491447167470"
"31","3.9254838709677419","0.99","8.99","2.3084696788271914"
"31","4.4738709677419355","0.99","11.99","2.6816781778323747"
"31","4.5061290322580645","0.99","8.99","2.1582549701388463"
"31","4.1190322580645161","0.99","7.99","2.1251185925162070"
"31","4.9254838709677419","0.99","9.99","2.7680978290873048"
"31","3.9577419354838710","0.99","8.99","2.2133514703234088"
"31","4.8287096774193548","0.99","8.99","2.0509635815643402"
"31","4.1190322580645161","0.99","10.99","2.4730808786325741"
"31","5.0867741935483871","0.99","10.99","2.6502180880030410"
"31","4.5706451612903226","0.99","10.99","2.6429048860220339"
"31","4.2480645161290323","0.99","8.99","2.0811493929314456"
"31","4.1512903225806452","0.99","10.99","2.5178929576605434"
"31","4.5383870967741935","0.99","11.99","2.2485359633536271"
"31","3.8287096774193548","0.99","9.99","2.4234517283349987"
"31","4.6029032258064516","0.99","8.99","1.9438350299487645"
"32","4.0837500000000000","0.99","8.99","2.3190567465131997"
"32","4.5837500000000000","0.99","9.99","2.3672411463898836"
"32","4.4900000000000000","0.99","9.99","2.7708156479345048"
"32","3.8962500000000000","0.99","6.99","1.9068530907433376"
"32","3.4587500000000000","0.99","7.99","1.9997479679909344"
"32","4.5837500000000000","0.99","10.99","2.6983791431153629"
"32","5.0525000000000000","0.99","9.99","2.4748737341529163"
"32","4.0837500000000000","0.99","9.99","2.2769444012649086"
"32","4.7712500000000000","0.99","10.99","2.6607587445640752"
"32","4.5837500000000000","0.99","10.99","2.7103073864475701"
"32","4.1775000000000000","0.99","9.99","2.5072475590935661"
"32","4.7400000000000000","0.99","8.99","2.1251185925162070"
"32","3.3337500000000000","0.99","9.99","2.1939708440442250"
"32","4.2400000000000000","0.00","8.99","2.2134500876059032"
"32","4.2087500000000000","0.00","8.99","2.3649930096057094"
"32","4.0525000000000000","0.99","10.99","2.5264727420118809"
"32","4.5212500000000000","0.99","9.99","2.2716254660626862"
"32","3.1150000000000000","0.99","8.99","1.8447834036687377"
"32","3.9275000000000000","0.99","8.99","2.5895260495485120"
"33","3.8081818181818182","0.00","8.99","2.4286653414806024"
"33","4.4445454545454545","0.99","8.99","2.4506492646198513"
"33","4.1718181818181818","0.99","9.99","2.0532679052936786"
"33","4.9293939393939394","0.99","9.99","2.1928775891992059"
"33","4.3233333333333333","0.00","9.99","2.3530135819129193"
"33","5.0809090909090909","0.99","9.99","2.1119250158865188"
"33","4.2324242424242424","0.99","8.99","2.2083690677497589"
"34","3.1664705882352941","0.99","4.99","1.7315361586769432"
"34","3.7547058823529412","0.99","6.99","1.8432320679523742"
"34","3.6664705882352941","0.99","10.99","2.4085779563543313"
"34","4.2547058823529412","0.99","9.99","2.5143084298809504"
"34","4.5488235294117647","0.99","10.99","2.7324223515606766"
"34","4.1958823529411765","0.99","7.99","2.1145873121938629"
"34","4.6076470588235294","0.99","8.99","2.3486257217250822"
"34","3.6370588235294118","0.99","9.99","2.1303343448100727"
"35","3.7900000000000000","0.99","10.99","2.2983369946934393"
"35","3.9614285714285714","0.99","10.99","2.5377817349909707"
"35","4.5328571428571429","0.99","10.99","2.6716689776337225"
"35","3.8471428571428571","0.99","9.99","2.2510501750863534"
"36","4.0455555555555556","0.99","6.99","1.8965298301965611"
"37","4.9629729729729730","0.99","10.99","2.8332008448091051"
"38","5.0426315789473684","0.99","9.99","2.1679155316776831"
"38","4.4110526315789474","0.99","10.99","2.1764287503300350"
"39","4.2720512820512821","0.99","8.99","2.0640878952714702"
"39","3.8361538461538462","0.00","9.99","2.5583584533267620"
"39","4.9900000000000000","0.99","10.99","2.3055995909273168"
"40","4.7400000000000000","0.99","9.99","2.5293153020997397"
"42","4.9661904761904762","0.99","10.99","2.5897367343183393"
"45","4.7011111111111111","0.99","10.99","2.6165749839178404"
