"country","amount","payment_date"
"Mexico","4.99","2007-03-21 08:17:22.996577"
"China","5.99","2007-03-23 05:50:28.996577"
"China","1.99","2007-04-29 06:06:14.996577"
"China","2.99","2007-04-10 15:42:53.996577"
"China","5.99","2007-02-15 04:27:21.996577"
"China","4.99","2007-03-19 00:06:13.996577"
"China","1.99","2007-04-29 08:49:26.996577"
"Mexico","4.99","2007-03-01 21:28:48.996577"
"Bangladesh","4.99","2007-04-09 05:10:58.996577"
"Mexico","6.99","2007-03-01 19:07:58.996577"
"China","7.99","2007-03-17 19:17:50.996577"
"China","4.99","2007-03-01 04:52:52.996577"
"Mexico","0.99","2007-04-08 06:13:15.996577"
"China","4.99","2007-03-17 14:40:53.996577"
"China","4.99","2007-04-09 10:27:30.996577"
"China","6.99","2007-04-28 11:29:48.996577"
"China","1.99","2007-02-16 19:37:12.996577"
"China","1.99","2007-03-21 02:08:37.996577"
"Mexico","2.99","2007-04-08 03:47:16.996577"
"Mexico","0.99","2007-03-17 05:52:12.996577"
"Mexico","10.99","2007-04-06 20:34:13.996577"
"China","2.99","2007-04-26 21:41:36.996577"
"China","0.99","2007-02-19 17:16:47.996577"
"China","2.99","2007-03-19 01:34:07.996577"
"Bangladesh","0.99","2007-03-17 05:37:45.996577"
"China","4.99","2007-04-06 01:05:36.996577"
"China","3.99","2007-04-30 19:44:46.996577"
"China","1.99","2007-03-22 05:15:25.996577"
"Mexico","0.99","2007-03-21 20:50:55.996577"
"Mexico","0.99","2007-02-15 12:06:04.996577"
"Mexico","4.99","2007-02-17 11:55:42.996577"
"Bangladesh","5.99","2007-04-30 05:57:51.996577"
"Mexico","4.99","2007-04-30 03:54:46.996577"
"Mexico","5.99","2007-04-27 15:13:00.996577"
"China","10.99","2007-04-30 10:20:12.996577"
"Mexico","2.99","2007-02-15 14:41:16.996577"
"China","7.99","2007-04-30 00:14:50.996577"
"Mexico","6.99","2007-04-08 09:04:29.996577"
"China","8.99","2007-04-30 17:38:29.996577"
"China","1.99","2007-04-29 19:08:15.996577"
"Mexico","6.99","2007-04-06 08:45:11.996577"
"China","2.99","2007-02-21 09:25:25.996577"
"Mexico","5.99","2007-04-07 18:03:56.996577"
"Mexico","4.99","2007-03-17 18:13:12.996577"
"Mexico","2.99","2007-04-30 05:15:36.996577"
"Mexico","0.99","2007-03-22 02:23:28.996577"
"Bangladesh","2.99","2007-04-29 22:17:49.996577"
"China","2.99","2007-04-29 07:00:37.996577"
"Mexico","0.99","2007-03-21 12:39:56.996577"
"China","0.99","2007-02-15 17:26:17.996577"
"Mexico","2.99","2007-03-23 01:13:15.996577"
"China","4.99","2007-03-02 06:49:53.996577"
"China","2.99","2007-02-15 06:50:05.996577"
"China","2.99","2007-04-12 14:50:13.996577"
"Mexico","4.99","2007-03-18 13:19:29.996577"
"Mexico","5.99","2007-04-10 22:34:24.996577"
"China","4.99","2007-04-09 17:10:42.996577"
"China","4.99","2007-03-22 13:53:59.996577"
"China","2.99","2007-03-02 12:02:22.996577"
"China","4.99","2007-03-18 03:42:02.996577"
"Mexico","7.99","2007-04-08 14:09:37.996577"
"China","4.99","2007-03-01 08:19:37.996577"
"China","0.99","2007-03-22 06:34:26.996577"
"China","6.99","2007-04-30 15:21:47.996577"
"China","0.00","2007-05-14 13:44:29.996577"
"China","4.99","2007-04-08 11:54:23.996577"
"China","4.99","2007-03-17 20:41:41.996577"
"China","4.99","2007-03-20 13:25:19.996577"
"Mexico","5.99","2007-03-22 10:02:59.996577"
"China","7.99","2007-04-30 04:01:51.996577"
"Mexico","2.99","2007-04-27 21:22:18.996577"
"China","4.99","2007-04-30 05:17:44.996577"
"China","4.99","2007-02-19 15:05:50.996577"
"China","4.99","2007-03-19 22:06:18.996577"
"China","4.99","2007-04-30 10:27:04.996577"
"China","7.99","2007-04-09 10:08:09.996577"
"China","4.99","2007-03-22 16:55:59.996577"
"China","1.99","2007-04-10 02:28:57.996577"
"Mexico","5.99","2007-04-29 01:50:41.996577"
"China","4.99","2007-03-20 10:49:31.996577"
"China","1.99","2007-04-27 17:44:28.996577"
"Mexico","2.99","2007-02-15 22:54:18.996577"
"Mexico","0.99","2007-03-20 15:51:01.996577"
"Mexico","6.99","2007-04-06 01:17:32.996577"
"China","2.99","2007-04-28 06:24:26.996577"
"China","4.99","2007-03-23 03:41:35.996577"
"Mexico","0.99","2007-03-21 06:12:58.996577"
"China","2.99","2007-04-06 20:37:19.996577"
"China","6.99","2007-04-09 08:36:36.996577"
"Mexico","2.99","2007-04-06 06:02:41.996577"
"China","3.99","2007-02-16 07:24:01.996577"
"China","0.99","2007-03-23 02:24:20.996577"
"China","4.99","2007-03-18 08:28:02.996577"
"Mexico","6.99","2007-03-23 11:18:26.996577"
"Mexico","6.99","2007-04-30 12:00:57.996577"
"China","3.99","2007-03-18 15:38:31.996577"
"China","2.99","2007-03-21 22:24:16.996577"
"China","1.99","2007-03-20 05:20:29.996577"
"China","0.99","2007-04-10 16:11:56.996577"
"Mexico","4.99","2007-02-19 05:19:58.996577"
"China","3.99","2007-03-18 14:20:38.996577"
"Mexico","4.99","2007-02-19 21:43:41.996577"
"China","0.99","2007-03-18 08:12:24.996577"
"Mexico","2.99","2007-03-22 16:45:16.996577"
"China","4.99","2007-04-11 15:28:30.996577"
"China","5.99","2007-03-22 18:51:39.996577"
"China","1.99","2007-03-23 16:16:56.996577"
"China","2.99","2007-04-29 19:32:40.996577"
"China","0.99","2007-04-28 06:10:35.996577"
"Mexico","2.99","2007-03-20 09:46:34.996577"
"Mexico","2.99","2007-03-17 15:43:23.996577"
"China","0.99","2007-03-17 02:04:32.996577"
"China","2.99","2007-04-08 09:06:54.996577"
"China","4.99","2007-02-21 10:36:44.996577"
"Mexico","4.99","2007-04-29 18:10:59.996577"
"China","6.99","2007-04-11 04:15:34.996577"
"Bangladesh","0.99","2007-03-17 16:21:35.996577"
"China","1.99","2007-04-27 09:51:35.996577"
"Mexico","6.99","2007-02-18 18:26:38.996577"
"Mexico","2.99","2007-03-02 08:24:32.996577"
"Bangladesh","4.99","2007-03-22 02:56:14.996577"
"China","2.99","2007-03-17 14:37:08.996577"
"Mexico","2.99","2007-04-11 06:53:10.996577"
"China","4.99","2007-04-30 11:00:02.996577"
"China","8.99","2007-03-01 17:06:28.996577"
"China","2.99","2007-04-11 23:37:18.996577"
"Mexico","2.99","2007-02-16 13:24:19.996577"
"China","0.99","2007-03-21 07:22:52.996577"
"China","6.99","2007-04-12 11:18:50.996577"
"China","2.99","2007-03-02 20:56:49.996577"
"Mexico","8.99","2007-04-29 13:32:53.996577"
"China","3.99","2007-02-16 17:59:25.996577"
"China","2.99","2007-04-28 00:37:38.996577"
"China","2.99","2007-03-22 19:01:05.996577"
"Mexico","2.99","2007-02-18 18:48:31.996577"
"China","0.99","2007-04-08 12:52:07.996577"
"China","4.99","2007-04-30 12:40:23.996577"
"China","0.99","2007-02-15 15:00:25.996577"
"Mexico","2.99","2007-04-29 06:10:51.996577"
"China","2.99","2007-04-11 20:35:52.996577"
"China","3.99","2007-04-09 02:12:41.996577"
"China","2.99","2007-03-19 08:04:54.996577"
"Mexico","5.99","2007-03-18 21:57:26.996577"
"Bangladesh","6.99","2007-03-18 22:02:48.996577"
"Mexico","0.99","2007-04-12 03:38:42.996577"
"China","2.99","2007-02-20 21:47:59.996577"
"Mexico","6.99","2007-02-16 01:15:33.996577"
"China","4.99","2007-03-01 19:52:03.996577"
"Mexico","2.99","2007-02-21 06:15:23.996577"
"Mexico","2.99","2007-03-02 14:13:36.996577"
"China","5.99","2007-03-20 03:31:12.996577"
"China","5.99","2007-04-30 08:44:30.996577"
"China","4.99","2007-04-07 10:22:59.996577"
"Mexico","4.99","2007-03-02 18:11:33.996577"
"Mexico","3.99","2007-04-09 11:50:34.996577"
"China","2.99","2007-04-28 23:17:41.996577"
"Bangladesh","2.99","2007-05-14 13:44:29.996577"
"China","4.99","2007-03-18 23:28:08.996577"
"Mexico","1.99","2007-03-19 02:07:20.996577"
"China","2.99","2007-04-30 09:19:53.996577"
"China","2.99","2007-03-20 08:33:56.996577"
"China","4.99","2007-04-30 07:57:59.996577"
"China","0.99","2007-04-29 05:09:06.996577"
"China","2.99","2007-03-22 17:21:54.996577"
"China","3.99","2007-04-11 07:31:03.996577"
"China","3.99","2007-04-12 14:16:17.996577"
"Mexico","8.99","2007-04-12 05:48:01.996577"
"China","2.99","2007-04-11 13:25:23.996577"
"China","4.99","2007-04-10 22:47:30.996577"
"China","4.99","2007-03-01 21:17:23.996577"
"Mexico","4.99","2007-03-19 21:03:17.996577"
"China","6.99","2007-02-15 19:06:17.996577"
"Mexico","0.99","2007-02-15 00:06:04.996577"
"Mexico","7.99","2007-02-17 05:16:57.996577"
"China","4.99","2007-03-21 19:00:42.996577"
"Mexico","8.99","2007-03-19 15:22:38.996577"
"China","5.99","2007-03-01 14:16:59.996577"
"China","4.99","2007-04-28 21:15:32.996577"
"China","0.99","2007-04-29 00:07:09.996577"
"China","0.99","2007-04-11 17:19:21.996577"
"China","2.99","2007-03-21 13:43:29.996577"
"Mexico","0.99","2007-02-16 23:00:52.996577"
"Mexico","4.99","2007-03-20 22:42:58.996577"
"Mexico","0.99","2007-02-20 02:37:01.996577"
"China","2.99","2007-03-22 05:21:15.996577"
"China","0.99","2007-03-18 15:18:16.996577"
"China","2.99","2007-04-27 07:04:41.996577"
"China","4.99","2007-02-19 12:51:35.996577"
"China","3.99","2007-04-09 17:07:41.996577"
"China","4.99","2007-03-17 11:42:03.996577"
"Mexico","4.99","2007-03-19 03:39:58.996577"
"China","4.99","2007-03-21 23:20:27.996577"
"China","0.99","2007-03-21 07:00:58.996577"
"Mexico","2.99","2007-04-09 03:05:57.996577"
"China","2.99","2007-03-23 08:06:43.996577"
"Mexico","0.99","2007-03-22 07:42:35.996577"
"Bangladesh","7.99","2007-04-27 02:01:07.996577"
"Mexico","3.99","2007-03-21 17:20:09.996577"
"Mexico","0.99","2007-04-29 23:36:59.996577"
"China","8.99","2007-04-07 23:37:35.996577"
"Mexico","4.99","2007-04-08 23:52:33.996577"
"China","5.99","2007-03-20 03:43:46.996577"
"Mexico","0.99","2007-05-14 13:44:29.996577"
"China","4.99","2007-02-20 00:07:05.996577"
"Mexico","2.99","2007-04-30 04:15:58.996577"
"Mexico","3.99","2007-03-20 02:21:46.996577"
"Mexico","4.99","2007-03-22 02:16:05.996577"
"Bangladesh","2.99","2007-03-21 01:20:25.996577"
"China","4.99","2007-04-29 09:53:15.996577"
"China","2.99","2007-04-29 21:20:49.996577"
"China","4.99","2007-04-11 16:13:34.996577"
"China","2.99","2007-03-22 09:47:48.996577"
"Mexico","2.99","2007-03-18 16:46:34.996577"
"Mexico","2.99","2007-04-29 10:36:19.996577"
"China","3.99","2007-02-17 10:08:24.996577"
"Mexico","4.99","2007-03-23 12:14:10.996577"
"China","0.99","2007-04-28 11:14:13.996577"
"China","0.99","2007-04-07 15:29:45.996577"
"China","0.99","2007-02-15 00:50:12.996577"
"China","2.99","2007-03-22 09:37:57.996577"
"China","3.99","2007-04-06 09:58:55.996577"
"China","0.99","2007-02-16 22:31:10.996577"
"China","0.99","2007-04-09 12:03:58.996577"
"China","1.99","2007-03-21 09:42:52.996577"
"China","9.99","2007-03-22 22:55:13.996577"
"China","0.99","2007-02-16 14:03:07.996577"
"China","0.99","2007-03-17 16:08:30.996577"
"Mexico","4.99","2007-04-11 13:39:59.996577"
"Mexico","4.99","2007-04-08 03:36:58.996577"
"China","1.99","2007-03-21 02:09:06.996577"
"China","3.99","2007-04-30 05:53:01.996577"
"China","4.99","2007-03-18 21:57:49.996577"
"China","2.99","2007-04-06 14:00:11.996577"
"Bangladesh","4.99","2007-03-18 04:50:22.996577"
"Mexico","0.99","2007-02-21 11:24:14.996577"
"Bangladesh","6.99","2007-04-30 10:25:21.996577"
"China","0.99","2007-02-17 13:48:00.996577"
"Mexico","3.99","2007-04-12 17:31:48.996577"
"Mexico","0.99","2007-03-02 09:40:34.996577"
"China","4.99","2007-02-20 03:55:57.996577"
"Mexico","2.99","2007-04-08 16:22:44.996577"
"Mexico","5.99","2007-04-30 06:42:53.996577"
"China","1.99","2007-04-29 07:06:07.996577"
"Mexico","4.99","2007-04-30 15:17:57.996577"
"China","4.99","2007-04-08 14:46:01.996577"
"China","2.99","2007-04-29 17:09:57.996577"
"Mexico","6.99","2007-03-18 02:44:09.996577"
"China","2.99","2007-04-27 13:59:54.996577"
"Mexico","4.99","2007-04-11 08:16:42.996577"
"China","0.99","2007-02-21 02:22:24.996577"
"Mexico","4.99","2007-04-08 13:56:46.996577"
"Mexico","8.99","2007-02-20 07:03:29.996577"
"China","4.99","2007-04-06 04:48:09.996577"
"China","0.99","2007-04-28 09:08:50.996577"
"China","4.99","2007-03-21 20:22:13.996577"
"China","4.99","2007-04-10 13:12:18.996577"
"China","2.99","2007-03-01 07:02:44.996577"
"China","0.99","2007-03-19 14:40:33.996577"
"China","2.99","2007-03-20 06:21:00.996577"
"China","4.99","2007-03-02 12:12:56.996577"
"Mexico","0.99","2007-04-12 11:16:25.996577"
"China","3.99","2007-04-10 00:31:34.996577"
"Mexico","4.99","2007-03-23 16:13:19.996577"
"China","2.99","2007-04-28 22:15:45.996577"
"China","0.99","2007-04-28 07:05:48.996577"
"China","2.99","2007-03-19 14:36:59.996577"
"Bangladesh","0.99","2007-03-01 09:05:37.996577"
"Mexico","0.99","2007-02-15 02:12:51.996577"
"China","2.99","2007-02-17 02:04:25.996577"
"Mexico","5.99","2007-02-17 23:24:44.996577"
"China","0.99","2007-03-20 08:03:17.996577"
"Mexico","6.99","2007-04-09 13:02:35.996577"
"Mexico","7.99","2007-03-01 14:01:58.996577"
"Mexico","4.99","2007-03-19 01:06:52.996577"
"China","6.99","2007-02-20 11:07:01.996577"
"China","2.99","2007-04-28 17:28:02.996577"
"China","2.99","2007-02-15 21:01:50.996577"
"Mexico","1.99","2007-04-08 04:05:25.996577"
"Mexico","2.99","2007-04-11 13:54:18.996577"
"China","7.99","2007-03-16 22:39:21.996577"
"China","4.99","2007-04-29 08:55:22.996577"
"Mexico","4.99","2007-03-17 21:23:58.996577"
"China","4.99","2007-04-12 20:25:42.996577"
"Mexico","4.99","2007-04-10 13:40:20.996577"
"China","0.99","2007-04-09 21:12:22.996577"
"Mexico","2.99","2007-04-28 20:33:39.996577"
"Mexico","0.99","2007-04-12 08:29:10.996577"
"China","0.99","2007-03-23 01:08:22.996577"
"China","0.99","2007-04-27 22:04:15.996577"
"China","8.99","2007-04-05 22:14:45.996577"
"Mexico","4.99","2007-02-18 08:51:18.996577"
"Mexico","5.99","2007-04-27 02:19:28.996577"
"China","3.99","2007-02-17 14:26:22.996577"
"Mexico","1.99","2007-04-07 15:25:58.996577"
"China","8.99","2007-03-18 02:44:32.996577"
"China","5.99","2007-04-10 01:41:33.996577"
"China","0.99","2007-02-18 16:16:00.996577"
"Mexico","4.99","2007-03-18 08:41:38.996577"
"China","2.99","2007-02-18 04:31:53.996577"
"Mexico","2.99","2007-02-15 11:58:56.996577"
"China","10.99","2007-02-21 03:46:53.996577"
"Mexico","4.99","2007-04-27 04:41:39.996577"
"Mexico","2.99","2007-04-27 09:58:46.996577"
"China","5.99","2007-04-30 01:04:37.996577"
"Mexico","4.99","2007-04-08 20:44:14.996577"
"Mexico","2.99","2007-02-17 17:25:28.996577"
"China","5.99","2007-04-07 21:32:49.996577"
"China","4.99","2007-04-06 21:33:01.996577"
"Mexico","0.99","2007-04-07 10:30:00.996577"
"China","2.99","2007-03-01 08:48:11.996577"
"Mexico","2.99","2007-04-28 22:14:07.996577"
"China","4.99","2007-04-30 10:17:26.996577"
"China","0.99","2007-04-29 13:17:14.996577"
"China","0.99","2007-03-17 19:16:12.996577"
"China","8.99","2007-04-30 13:57:26.996577"
"China","2.99","2007-04-09 00:28:42.996577"
"Mexico","4.99","2007-03-23 12:34:03.996577"
"China","6.99","2007-03-18 12:56:26.996577"
"China","2.99","2007-03-21 15:22:04.996577"
"China","5.99","2007-04-11 01:50:15.996577"
"China","0.99","2007-03-22 00:31:56.996577"
"China","4.99","2007-04-28 12:38:32.996577"
"China","2.99","2007-03-23 18:44:53.996577"
"China","1.99","2007-02-17 19:26:58.996577"
"China","2.99","2007-03-22 15:03:51.996577"
"China","0.99","2007-04-09 04:49:55.996577"
"China","5.99","2007-03-17 05:08:25.996577"
"Mexico","9.99","2007-02-19 22:46:12.996577"
"China","4.99","2007-03-01 17:19:55.996577"
"Mexico","5.99","2007-04-27 13:47:59.996577"
"China","0.99","2007-03-21 06:28:13.996577"
"China","9.99","2007-04-12 00:48:35.996577"
"Bangladesh","6.99","2007-04-28 20:04:10.996577"
"China","5.99","2007-03-20 06:15:34.996577"
"China","4.99","2007-03-01 17:35:34.996577"
"China","0.99","2007-02-17 12:29:17.996577"
"Mexico","0.99","2007-03-01 21:22:54.996577"
"China","8.99","2007-03-17 08:01:28.996577"
"China","6.99","2007-03-18 17:26:10.996577"
"China","4.99","2007-03-21 19:16:31.996577"
"Mexico","2.99","2007-03-18 16:05:37.996577"
"China","3.99","2007-02-19 00:37:05.996577"
"China","1.99","2007-04-10 12:31:54.996577"
"China","4.99","2007-03-21 02:59:13.996577"
"China","6.99","2007-03-23 02:36:03.996577"
"China","3.99","2007-04-12 06:10:14.996577"
"Mexico","5.99","2007-04-27 21:14:46.996577"
"China","2.99","2007-04-27 02:34:50.996577"
"China","3.99","2007-02-19 13:31:05.996577"
"China","4.99","2007-04-06 17:49:54.996577"
"Mexico","1.99","2007-04-30 10:52:43.996577"
"China","2.99","2007-03-19 08:43:45.996577"
"China","2.99","2007-04-28 12:41:13.996577"
"China","2.99","2007-02-14 22:43:41.996577"
"Mexico","0.99","2007-04-30 05:01:02.996577"
"Mexico","3.99","2007-03-20 01:12:32.996577"
"Mexico","0.99","2007-03-18 13:15:20.996577"
"China","4.99","2007-02-16 11:49:31.996577"
"Mexico","8.99","2007-03-18 03:33:54.996577"
"Mexico","4.99","2007-03-22 07:10:58.996577"
"Mexico","2.99","2007-04-12 08:04:08.996577"
"Mexico","3.99","2007-02-20 06:00:21.996577"
"China","2.99","2007-02-16 16:56:18.996577"
"Mexico","2.99","2007-03-19 09:24:11.996577"
"Mexico","0.99","2007-03-17 01:31:33.996577"
"China","4.99","2007-04-29 07:30:39.996577"
"China","0.99","2007-02-20 14:28:45.996577"
"China","6.99","2007-03-01 01:53:53.996577"
"China","5.99","2007-03-20 13:11:29.996577"
"China","3.99","2007-03-01 03:31:29.996577"
"China","2.99","2007-03-21 14:19:16.996577"
"Mexico","2.99","2007-02-18 16:58:52.996577"
"China","4.99","2007-03-18 13:40:43.996577"
"Mexico","2.99","2007-04-27 19:01:34.996577"
"China","5.99","2007-02-18 19:29:47.996577"
"Mexico","0.99","2007-02-21 02:08:18.996577"
"Mexico","2.99","2007-04-30 19:54:44.996577"
"China","7.99","2007-04-06 13:38:07.996577"
"China","5.99","2007-04-06 07:05:14.996577"
"China","0.99","2007-03-22 08:58:10.996577"
"China","4.99","2007-04-08 09:22:45.996577"
"Mexico","1.99","2007-03-23 05:23:52.996577"
"Mexico","4.99","2007-04-30 08:50:41.996577"
"China","5.99","2007-04-30 12:00:44.996577"
"China","0.99","2007-04-06 21:42:42.996577"
"China","4.99","2007-04-06 11:15:04.996577"
"China","7.99","2007-02-17 19:42:10.996577"
"Bangladesh","0.99","2007-04-30 11:43:47.996577"
"Mexico","6.99","2007-03-16 21:21:20.996577"
"China","0.99","2007-04-09 02:14:59.996577"
"Mexico","2.99","2007-03-19 19:51:45.996577"
"Mexico","5.99","2007-04-12 03:29:12.996577"
"Mexico","2.99","2007-04-11 15:20:05.996577"
"China","9.99","2007-03-23 19:39:59.996577"
"Bangladesh","2.99","2007-03-16 23:56:15.996577"
"Mexico","0.99","2007-03-19 07:32:50.996577"
"Bangladesh","2.99","2007-04-10 22:11:49.996577"
"Mexico","2.99","2007-04-08 00:00:30.996577"
"China","4.99","2007-02-18 03:50:22.996577"
"China","0.99","2007-03-19 00:41:06.996577"
"Mexico","4.99","2007-03-21 08:53:20.996577"
"Bangladesh","4.99","2007-04-28 12:45:15.996577"
"Bangladesh","4.99","2007-03-22 01:48:52.996577"
"China","4.99","2007-04-30 17:25:55.996577"
"China","0.99","2007-03-20 07:55:31.996577"
"Mexico","5.99","2007-02-18 05:51:43.996577"
"China","4.99","2007-04-11 23:28:19.996577"
"Mexico","6.99","2007-04-29 18:42:51.996577"
"Mexico","2.99","2007-03-19 19:36:25.996577"
"Mexico","0.99","2007-02-20 08:38:55.996577"
"China","7.99","2007-03-21 06:59:09.996577"
"Mexico","1.99","2007-02-16 23:45:57.996577"
"Mexico","4.99","2007-03-20 07:52:52.996577"
"China","4.99","2007-03-01 05:55:35.996577"
"China","5.99","2007-02-17 13:06:23.996577"
"China","0.99","2007-03-01 04:40:45.996577"
"China","4.99","2007-03-01 05:05:11.996577"
"China","2.99","2007-04-10 23:26:19.996577"
"Bangladesh","4.99","2007-03-20 09:17:09.996577"
"China","4.99","2007-03-17 09:45:47.996577"
"China","4.99","2007-04-06 02:56:18.996577"
"Mexico","0.99","2007-03-18 10:03:28.996577"
"China","0.99","2007-03-21 13:20:40.996577"
"China","4.99","2007-03-02 15:47:04.996577"
"China","3.99","2007-03-20 15:06:01.996577"
"China","2.99","2007-04-30 13:23:48.996577"
"Bangladesh","6.99","2007-04-28 21:24:37.996577"
"China","3.99","2007-03-22 03:41:31.996577"
"China","2.99","2007-04-28 08:26:28.996577"
"Mexico","0.99","2007-03-19 20:05:24.996577"
"Mexico","3.99","2007-03-23 02:56:20.996577"
"China","7.99","2007-03-23 07:45:05.996577"
"Mexico","2.99","2007-04-06 20:26:34.996577"
"China","1.99","2007-03-02 08:13:58.996577"
"China","2.99","2007-04-30 12:59:04.996577"
"Mexico","1.99","2007-04-08 16:36:01.996577"
"China","0.99","2007-03-01 03:24:39.996577"
"Bangladesh","2.99","2007-04-09 05:38:38.996577"
"Mexico","1.99","2007-03-02 17:04:21.996577"
"China","0.99","2007-04-07 19:17:04.996577"
"Mexico","4.99","2007-03-16 21:58:19.996577"
"China","2.99","2007-03-01 22:51:15.996577"
"China","9.99","2007-03-01 14:47:11.996577"
"China","4.99","2007-03-01 18:14:37.996577"
"Mexico","2.99","2007-03-17 08:09:49.996577"
"China","0.99","2007-04-09 05:54:13.996577"
"China","4.99","2007-04-27 05:29:03.996577"
"Bangladesh","4.99","2007-03-18 17:35:49.996577"
"China","0.99","2007-03-19 04:23:40.996577"
"Bangladesh","1.99","2007-04-26 21:56:39.996577"
"Mexico","2.99","2007-02-18 17:17:44.996577"
"Mexico","2.99","2007-04-27 06:36:05.996577"
"Mexico","7.99","2007-03-19 17:28:08.996577"
"China","0.99","2007-03-22 10:52:25.996577"
"Mexico","4.99","2007-04-09 07:25:33.996577"
"China","0.99","2007-04-08 11:40:38.996577"
"China","2.99","2007-03-20 14:36:21.996577"
"China","0.99","2007-04-09 09:55:16.996577"
"Mexico","0.99","2007-02-16 19:44:33.996577"
"China","2.99","2007-04-06 15:48:50.996577"
"China","3.99","2007-03-21 14:25:51.996577"
"Mexico","4.99","2007-03-22 14:26:04.996577"
"China","4.99","2007-02-21 11:32:03.996577"
"Mexico","0.99","2007-03-17 13:57:38.996577"
"Mexico","7.99","2007-02-18 09:43:53.996577"
"Mexico","2.99","2007-03-01 17:18:31.996577"
"Mexico","2.99","2007-04-28 05:39:37.996577"
"China","4.99","2007-04-06 03:48:08.996577"
"Mexico","4.99","2007-04-09 21:31:47.996577"
"China","2.99","2007-03-21 10:28:04.996577"
"Mexico","4.99","2007-03-17 15:04:38.996577"
"Mexico","0.99","2007-03-01 17:13:02.996577"
"China","4.99","2007-04-12 07:46:34.996577"
"Mexico","2.99","2007-04-28 08:11:28.996577"
"Bangladesh","0.99","2007-04-30 17:51:30.996577"
"China","3.99","2007-04-10 08:16:30.996577"
"Mexico","0.99","2007-03-18 06:23:40.996577"
"China","0.99","2007-03-23 08:32:43.996577"
"China","2.99","2007-04-30 11:48:34.996577"
"China","4.99","2007-03-20 15:16:00.996577"
"China","2.99","2007-03-23 04:00:29.996577"
"Mexico","4.99","2007-04-28 14:06:09.996577"
"Mexico","4.99","2007-03-02 13:03:29.996577"
"China","0.99","2007-04-30 07:46:22.996577"
"China","2.99","2007-04-30 02:33:27.996577"
"China","4.99","2007-03-21 12:21:20.996577"
"Mexico","8.99","2007-03-20 07:41:49.996577"
"Bangladesh","8.99","2007-03-20 21:52:33.996577"
"Mexico","2.99","2007-04-06 01:14:39.996577"
"China","2.99","2007-04-30 18:30:28.996577"
"China","0.99","2007-03-02 06:16:57.996577"
"Mexico","0.99","2007-04-30 18:56:35.996577"
"China","10.99","2007-04-27 17:29:29.996577"
"Mexico","2.99","2007-03-18 05:27:41.996577"
"Mexico","0.99","2007-04-30 07:24:34.996577"
"China","4.99","2007-04-27 01:26:09.996577"
"China","4.99","2007-02-16 03:12:49.996577"
"China","2.99","2007-03-18 00:08:40.996577"
"China","2.99","2007-02-16 15:36:43.996577"
"China","2.99","2007-03-20 02:38:16.996577"
"China","0.99","2007-03-23 10:08:34.996577"
"Mexico","0.99","2007-03-16 21:19:46.996577"
"China","2.99","2007-03-02 03:31:31.996577"
"China","4.99","2007-04-07 12:07:26.996577"
"Mexico","5.99","2007-02-17 10:25:41.996577"
"China","3.99","2007-04-12 11:27:42.996577"
"Bangladesh","2.99","2007-04-08 08:47:54.996577"
"Mexico","4.99","2007-04-09 23:42:18.996577"
"China","2.99","2007-04-07 18:52:59.996577"
"China","5.99","2007-03-18 13:51:57.996577"
"Mexico","0.99","2007-03-01 02:34:29.996577"
"Mexico","6.99","2007-03-17 09:27:50.996577"
"Mexico","8.99","2007-02-17 22:05:55.996577"
"China","1.99","2007-04-10 04:44:11.996577"
"China","6.99","2007-04-30 22:27:02.996577"
"China","1.99","2007-04-11 12:39:13.996577"
"Mexico","3.99","2007-02-16 08:20:05.996577"
"China","2.99","2007-03-23 09:53:26.996577"
"China","2.99","2007-04-28 07:28:47.996577"
"Mexico","0.99","2007-02-18 23:16:37.996577"
"Mexico","2.99","2007-03-22 00:43:52.996577"
"China","4.99","2007-04-30 17:37:22.996577"
"Mexico","2.99","2007-04-08 09:35:32.996577"
"Mexico","7.99","2007-03-18 00:49:01.996577"
"China","5.99","2007-03-02 12:46:48.996577"
"China","4.99","2007-04-07 06:34:33.996577"
"Bangladesh","8.99","2007-04-27 21:24:33.996577"
"China","3.99","2007-02-17 00:00:12.996577"
"China","2.99","2007-04-10 18:46:35.996577"
"China","8.99","2007-03-20 19:48:02.996577"
"Bangladesh","4.99","2007-02-18 04:42:07.996577"
"Mexico","2.99","2007-04-30 15:54:53.996577"
"Mexico","6.99","2007-04-05 22:05:39.996577"
"Mexico","9.99","2007-04-30 08:17:07.996577"
"China","3.99","2007-04-30 04:59:29.996577"
"China","10.99","2007-03-20 06:23:20.996577"
"China","6.99","2007-03-18 00:37:24.996577"
"China","3.99","2007-04-29 15:20:43.996577"
"China","7.99","2007-03-21 23:06:23.996577"
"China","7.99","2007-04-30 09:00:34.996577"
"China","4.99","2007-03-21 23:14:44.996577"
"Mexico","4.99","2007-03-19 16:30:44.996577"
"China","0.99","2007-02-20 16:02:21.996577"
"Mexico","4.99","2007-04-06 20:40:09.996577"
"China","0.99","2007-04-08 23:28:12.996577"
"China","0.99","2007-03-22 15:26:57.996577"
"China","2.99","2007-04-09 17:54:11.996577"
"Mexico","2.99","2007-03-21 09:06:43.996577"
"China","5.99","2007-03-01 17:53:44.996577"
"China","0.99","2007-03-21 11:31:39.996577"
"China","2.99","2007-03-17 02:47:18.996577"
"China","0.99","2007-03-23 11:43:13.996577"
"Mexico","0.99","2007-02-18 15:21:59.996577"
"Mexico","0.99","2007-03-20 22:49:55.996577"
"China","2.99","2007-03-18 14:45:07.996577"
"Mexico","0.99","2007-04-11 20:03:46.996577"
"Mexico","4.99","2007-03-17 12:45:06.996577"
"Mexico","5.99","2007-03-02 14:36:15.996577"
"Bangladesh","2.99","2007-03-21 10:39:07.996577"
"China","2.99","2007-03-22 18:35:29.996577"
"Mexico","1.99","2007-03-01 01:55:10.996577"
"Mexico","5.99","2007-03-22 04:39:19.996577"
"China","0.99","2007-04-08 01:07:22.996577"
"Mexico","7.99","2007-04-08 18:17:43.996577"
"Mexico","0.99","2007-04-06 04:34:53.996577"
"China","2.99","2007-04-06 06:38:28.996577"
"Bangladesh","4.99","2007-04-07 03:20:41.996577"
"China","2.99","2007-03-18 14:58:01.996577"
"China","1.99","2007-03-02 07:23:51.996577"
"Mexico","2.99","2007-04-28 22:55:30.996577"
"China","6.99","2007-03-01 21:54:21.996577"
"China","2.99","2007-03-01 05:03:02.996577"
"China","6.99","2007-03-22 03:35:04.996577"
"Mexico","2.99","2007-04-10 17:49:00.996577"
"China","4.99","2007-04-07 18:23:45.996577"
"China","4.99","2007-03-17 15:03:40.996577"
"China","2.99","2007-04-27 07:44:54.996577"
"China","0.99","2007-03-19 00:19:35.996577"
"Bangladesh","4.99","2007-04-30 17:00:17.996577"
"China","0.99","2007-03-19 13:47:21.996577"
"China","1.99","2007-04-08 09:32:28.996577"
"China","8.99","2007-03-23 02:41:18.996577"
"China","4.99","2007-03-01 21:57:15.996577"
"Bangladesh","3.99","2007-03-02 08:48:08.996577"
"China","8.99","2007-02-18 17:33:07.996577"
"Mexico","4.99","2007-03-02 00:04:12.996577"
"China","0.99","2007-03-21 09:52:25.996577"
"Mexico","8.99","2007-04-27 18:45:25.996577"
"China","2.99","2007-03-21 20:50:15.996577"
"China","3.99","2007-03-17 13:41:55.996577"
"China","4.99","2007-02-15 08:24:28.996577"
"China","4.99","2007-04-10 03:36:52.996577"
"China","2.99","2007-03-23 11:04:31.996577"
"Mexico","5.99","2007-03-02 16:44:26.996577"
"Bangladesh","2.99","2007-03-17 22:02:42.996577"
"Mexico","0.99","2007-04-07 03:03:32.996577"
"China","2.99","2007-03-02 18:54:07.996577"
"China","0.99","2007-04-11 03:31:29.996577"
"China","8.99","2007-03-02 13:38:32.996577"
"China","0.99","2007-03-01 15:25:02.996577"
"Mexico","2.99","2007-03-23 20:41:10.996577"
"Mexico","1.99","2007-04-12 03:49:01.996577"
"China","2.99","2007-03-01 05:36:48.996577"
"China","0.99","2007-04-26 21:42:00.996577"
"Mexico","6.99","2007-04-07 09:36:37.996577"
"China","0.99","2007-04-06 03:53:48.996577"
"China","6.99","2007-03-02 03:19:21.996577"
"Mexico","6.99","2007-03-18 16:04:45.996577"
"China","4.99","2007-02-15 19:50:24.996577"
"China","1.99","2007-04-27 02:19:12.996577"
"China","4.99","2007-04-06 01:04:07.996577"
"China","2.99","2007-03-22 23:24:53.996577"
"China","2.99","2007-04-06 00:04:37.996577"
"China","1.99","2007-02-18 04:58:19.996577"
"Mexico","4.99","2007-03-19 07:53:32.996577"
"China","2.99","2007-03-20 03:39:05.996577"
"China","4.99","2007-03-02 19:12:59.996577"
"China","4.99","2007-03-02 11:30:37.996577"
"Mexico","7.99","2007-02-16 22:22:19.996577"
"China","4.99","2007-03-22 01:00:17.996577"
"Bangladesh","1.99","2007-04-30 15:57:18.996577"
"China","4.99","2007-03-02 08:29:21.996577"
"China","9.99","2007-03-20 02:37:05.996577"
"China","8.99","2007-04-28 09:29:24.996577"
"Mexico","4.99","2007-03-02 06:02:45.996577"
"Mexico","4.99","2007-04-30 17:04:20.996577"
"China","0.99","2007-04-09 22:55:47.996577"
"China","4.99","2007-04-07 04:15:59.996577"
"China","4.99","2007-04-30 12:48:38.996577"
"China","4.99","2007-02-17 11:21:24.996577"
"Mexico","2.99","2007-04-09 16:47:15.996577"
"China","2.99","2007-03-19 04:47:47.996577"
"China","0.99","2007-04-09 15:55:31.996577"
"China","2.99","2007-04-11 06:48:22.996577"
"China","0.99","2007-03-17 07:32:28.996577"
"China","8.99","2007-03-02 05:53:13.996577"
"Mexico","8.99","2007-04-08 14:58:37.996577"
"China","0.99","2007-04-11 01:42:52.996577"
"Mexico","3.99","2007-03-22 18:12:42.996577"
"China","4.99","2007-04-28 21:48:57.996577"
"China","0.99","2007-04-30 21:35:06.996577"
"China","4.99","2007-03-22 15:05:58.996577"
"China","4.99","2007-04-07 14:06:51.996577"
"China","4.99","2007-03-18 09:06:15.996577"
"Mexico","0.99","2007-04-08 13:06:28.996577"
"Mexico","4.99","2007-03-23 11:02:07.996577"
"China","7.99","2007-02-19 13:43:21.996577"
"Mexico","2.99","2007-04-11 17:16:48.996577"
"China","2.99","2007-03-23 13:58:07.996577"
"China","1.99","2007-04-27 17:37:22.996577"
"Mexico","1.99","2007-04-28 01:22:56.996577"
"China","6.99","2007-04-10 17:03:40.996577"
"China","0.99","2007-04-06 02:16:13.996577"
"China","5.99","2007-03-21 00:12:06.996577"
"Mexico","6.99","2007-03-22 02:39:28.996577"
"Mexico","2.99","2007-04-30 18:34:11.996577"
"Mexico","0.99","2007-03-22 09:10:24.996577"
"Bangladesh","5.99","2007-04-30 17:55:48.996577"
"China","0.99","2007-04-08 05:43:40.996577"
"China","4.99","2007-03-17 20:27:40.996577"
"Mexico","2.99","2007-04-12 11:12:30.996577"
"China","5.99","2007-04-07 15:57:42.996577"
"China","4.99","2007-04-30 18:43:16.996577"
"China","2.99","2007-04-09 13:15:02.996577"
"Mexico","2.99","2007-02-18 01:50:02.996577"
"China","2.99","2007-04-12 11:08:05.996577"
"China","4.99","2007-04-09 20:02:58.996577"
"China","3.99","2007-03-19 13:21:48.996577"
"Mexico","1.99","2007-04-28 07:51:40.996577"
"China","3.99","2007-04-10 05:02:05.996577"
"Mexico","2.99","2007-03-20 00:56:19.996577"
"China","2.99","2007-04-29 23:58:14.996577"
"China","5.99","2007-04-08 15:47:41.996577"
"China","6.99","2007-04-06 01:40:23.996577"
"Mexico","5.99","2007-04-29 18:35:32.996577"
"China","2.99","2007-04-29 03:16:03.996577"
"China","2.99","2007-04-27 15:48:42.996577"
"Mexico","2.99","2007-04-29 20:58:42.996577"
"China","2.99","2007-03-23 09:37:12.996577"
"China","4.99","2007-02-20 11:07:15.996577"
"Mexico","0.99","2007-04-06 21:51:02.996577"
"Mexico","2.99","2007-03-17 05:53:25.996577"
"Mexico","3.99","2007-04-07 21:24:07.996577"
"Mexico","4.99","2007-03-21 05:13:03.996577"
"Mexico","6.99","2007-02-17 11:42:29.996577"
"Bangladesh","7.99","2007-04-28 20:03:02.996577"
"China","0.99","2007-03-19 18:19:26.996577"
"China","8.99","2007-02-16 13:30:02.996577"
"China","8.99","2007-04-27 19:52:59.996577"
"China","0.99","2007-04-07 02:10:33.996577"
"China","2.99","2007-03-23 19:55:01.996577"
"China","3.99","2007-04-09 15:52:09.996577"
"China","4.99","2007-04-30 17:56:00.996577"
"Mexico","8.99","2007-03-20 21:25:00.996577"
"China","4.99","2007-03-22 06:09:34.996577"
"China","4.99","2007-03-02 01:02:38.996577"
"China","5.99","2007-03-18 22:24:49.996577"
"China","3.99","2007-03-20 00:02:02.996577"
"China","0.99","2007-03-18 05:37:53.996577"
"China","0.99","2007-03-18 01:46:16.996577"
"Mexico","0.99","2007-04-29 19:20:07.996577"
"Mexico","3.99","2007-03-17 08:49:05.996577"
"China","0.99","2007-02-17 11:53:09.996577"
"China","6.99","2007-02-18 05:02:14.996577"
"Mexico","4.99","2007-04-10 17:35:41.996577"
"Mexico","3.99","2007-04-09 15:32:16.996577"
"China","1.99","2007-03-19 14:04:31.996577"
"China","2.99","2007-03-17 06:03:21.996577"
"China","4.99","2007-03-20 08:32:11.996577"
"China","2.99","2007-04-08 21:38:14.996577"
"Mexico","2.99","2007-03-23 13:47:41.996577"
"China","0.99","2007-03-20 22:11:12.996577"
"China","4.99","2007-02-19 11:35:16.996577"
"China","5.99","2007-03-17 13:52:38.996577"
"China","4.99","2007-03-23 20:17:48.996577"
"China","4.99","2007-04-10 21:41:26.996577"
"China","7.99","2007-03-19 11:38:49.996577"
"Mexico","0.99","2007-04-27 14:45:03.996577"
"China","4.99","2007-04-28 12:44:20.996577"
"Mexico","7.99","2007-04-06 04:33:30.996577"
"China","7.99","2007-03-21 15:23:13.996577"
"China","0.99","2007-04-10 09:00:18.996577"
"Mexico","2.99","2007-04-06 01:23:02.996577"
"China","4.99","2007-03-18 16:49:32.996577"
"China","0.99","2007-04-27 20:11:30.996577"
"China","2.99","2007-04-30 03:24:12.996577"
"Mexico","0.99","2007-03-22 19:42:17.996577"
"China","0.99","2007-03-21 16:01:44.996577"
"China","7.99","2007-02-19 03:08:32.996577"
"Mexico","4.99","2007-03-21 04:10:46.996577"
"China","2.99","2007-03-20 21:30:22.996577"
"China","2.99","2007-03-01 07:30:41.996577"
"Mexico","6.99","2007-03-19 10:00:07.996577"
"Mexico","2.99","2007-03-18 06:31:12.996577"
"China","3.99","2007-04-07 06:45:32.996577"
"China","2.99","2007-03-22 09:42:57.996577"
"Mexico","4.99","2007-04-06 14:20:24.996577"
"Mexico","0.99","2007-04-30 02:37:42.996577"
"China","5.99","2007-04-29 20:43:22.996577"
"Mexico","1.99","2007-03-23 03:39:08.996577"
"China","5.99","2007-04-29 14:18:14.996577"
"Mexico","8.99","2007-03-20 00:10:55.996577"
"China","6.99","2007-04-10 08:57:45.996577"
"Mexico","5.99","2007-04-12 17:43:19.996577"
"China","4.99","2007-03-01 22:27:11.996577"
"China","2.99","2007-04-28 15:17:38.996577"
"China","6.99","2007-04-27 06:56:24.996577"
"China","4.99","2007-03-21 17:27:43.996577"
"Mexico","4.99","2007-03-17 21:45:12.996577"
"China","2.99","2007-03-22 13:27:56.996577"
"Mexico","2.99","2007-02-15 09:57:43.996577"
"Mexico","4.99","2007-03-23 14:36:41.996577"
"Mexico","10.99","2007-04-10 17:22:31.996577"
"China","4.99","2007-02-17 10:44:55.996577"
"China","0.99","2007-03-01 04:46:30.996577"
"China","0.99","2007-04-12 16:56:38.996577"
"China","4.99","2007-03-23 20:17:20.996577"
"China","6.99","2007-03-17 08:45:35.996577"
"China","2.99","2007-04-28 14:24:06.996577"
"China","2.99","2007-03-20 20:00:24.996577"
"China","4.99","2007-03-23 11:42:41.996577"
"China","2.99","2007-03-02 01:52:30.996577"
"China","6.99","2007-03-23 03:52:55.996577"
"Bangladesh","4.99","2007-03-01 11:51:32.996577"
"China","5.99","2007-04-30 21:52:57.996577"
"China","0.99","2007-04-08 03:25:15.996577"
"Mexico","7.99","2007-04-27 05:30:56.996577"
"Mexico","4.99","2007-04-27 16:28:50.996577"
"Mexico","3.99","2007-04-12 02:28:08.996577"
"Mexico","0.99","2007-04-30 21:41:00.996577"
"China","2.99","2007-02-17 07:06:21.996577"
"China","2.99","2007-04-07 02:38:39.996577"
"China","7.99","2007-04-29 02:46:51.996577"
"Mexico","0.99","2007-03-01 19:05:49.996577"
"China","2.99","2007-03-19 01:55:43.996577"
"China","3.99","2007-02-20 09:37:22.996577"
"China","4.99","2007-04-07 12:52:22.996577"
"China","4.99","2007-04-30 07:37:48.996577"
"China","6.99","2007-04-08 11:59:49.996577"
"China","5.99","2007-04-06 12:26:22.996577"
"China","5.99","2007-02-15 08:50:11.996577"
"China","6.99","2007-04-11 03:22:57.996577"
"China","4.99","2007-04-30 12:10:28.996577"
"Mexico","0.99","2007-04-06 16:44:05.996577"
"China","3.99","2007-04-08 22:16:29.996577"
"Bangladesh","4.99","2007-02-19 19:42:59.996577"
"China","9.99","2007-03-20 21:19:51.996577"
"Mexico","6.99","2007-04-29 04:18:35.996577"
"China","4.99","2007-02-15 04:44:02.996577"
"Mexico","2.99","2007-04-12 06:21:21.996577"
"China","9.99","2007-04-30 14:18:06.996577"
"China","4.99","2007-02-17 06:27:05.996577"
"Mexico","2.99","2007-04-09 20:28:21.996577"
"China","3.99","2007-02-21 00:11:52.996577"
"China","2.99","2007-04-30 23:47:19.996577"
"China","9.99","2007-02-21 01:16:09.996577"
"China","2.99","2007-03-18 15:51:14.996577"
"China","1.99","2007-04-30 13:06:10.996577"
"China","2.99","2007-04-28 19:51:32.996577"
"Mexico","5.99","2007-03-20 00:19:49.996577"
"Mexico","4.99","2007-03-19 12:21:16.996577"
"China","2.99","2007-03-23 08:49:47.996577"
"China","3.99","2007-03-17 15:31:08.996577"
"China","2.99","2007-04-28 21:17:37.996577"
"China","0.99","2007-03-23 05:35:48.996577"
"Bangladesh","4.99","2007-03-22 06:59:33.996577"
"Bangladesh","10.99","2007-02-20 23:33:01.996577"
"Mexico","8.99","2007-02-16 14:28:10.996577"
"Mexico","4.99","2007-02-17 05:47:02.996577"
"Mexico","2.99","2007-03-17 00:02:58.996577"
"China","2.99","2007-04-12 05:34:55.996577"
"China","2.99","2007-03-22 11:47:51.996577"
"China","2.99","2007-04-29 05:40:15.996577"
"China","2.99","2007-02-19 02:33:12.996577"
"China","4.99","2007-03-18 20:45:31.996577"
"Mexico","2.99","2007-03-01 14:37:12.996577"
"Mexico","0.99","2007-04-07 01:57:15.996577"
"Mexico","4.99","2007-03-18 23:26:50.996577"
"China","2.99","2007-03-20 16:56:54.996577"
"China","5.99","2007-03-21 10:21:07.996577"
"China","1.99","2007-04-08 18:50:31.996577"
"China","3.99","2007-04-08 04:27:26.996577"
"China","4.99","2007-03-01 04:42:10.996577"
"Mexico","4.99","2007-03-17 19:05:03.996577"
"China","5.99","2007-03-23 13:52:16.996577"
"China","2.99","2007-03-17 11:46:55.996577"
"China","4.99","2007-04-10 07:12:28.996577"
"China","0.99","2007-04-11 22:23:18.996577"
"Bangladesh","1.99","2007-04-07 22:36:11.996577"
"China","0.99","2007-04-07 04:53:37.996577"
"Mexico","4.99","2007-04-10 06:41:19.996577"
"Mexico","4.99","2007-04-09 17:32:56.996577"
"Mexico","0.99","2007-03-18 12:11:33.996577"
"Mexico","5.99","2007-03-01 02:08:16.996577"
"Bangladesh","0.99","2007-03-01 17:57:13.996577"
"China","4.99","2007-02-15 02:07:15.996577"
"Mexico","2.99","2007-02-20 11:18:21.996577"
"China","4.99","2007-02-21 14:03:04.996577"
"Mexico","1.99","2007-03-17 22:18:09.996577"
"China","6.99","2007-04-12 00:04:06.996577"
"Mexico","4.99","2007-04-30 15:06:50.996577"
"Mexico","0.99","2007-03-22 16:16:36.996577"
"China","6.99","2007-04-12 20:39:47.996577"
"Mexico","2.99","2007-04-29 09:44:55.996577"
"China","4.99","2007-03-21 06:44:04.996577"
"China","0.99","2007-04-06 17:59:23.996577"
"China","6.99","2007-04-10 02:34:15.996577"
"China","1.99","2007-03-19 14:47:02.996577"
"Mexico","5.99","2007-04-10 06:22:17.996577"
"Mexico","2.99","2007-04-28 13:43:37.996577"
"Mexico","3.99","2007-03-23 15:11:19.996577"
"China","7.99","2007-03-19 07:49:36.996577"
"Mexico","6.99","2007-02-21 01:45:02.996577"
"China","3.99","2007-03-22 07:22:38.996577"
"Mexico","0.99","2007-03-22 23:25:38.996577"
"China","1.99","2007-04-30 13:56:36.996577"
"China","1.99","2007-03-22 10:41:24.996577"
"Mexico","5.99","2007-02-17 17:33:48.996577"
"China","4.99","2007-04-30 00:10:14.996577"
"China","3.99","2007-03-22 04:01:04.996577"
"China","0.99","2007-02-20 07:12:10.996577"
"China","4.99","2007-02-21 11:55:48.996577"
"Mexico","9.99","2007-04-11 21:56:18.996577"
"China","5.99","2007-03-02 15:58:05.996577"
"Bangladesh","7.99","2007-03-01 08:24:50.996577"
"China","4.99","2007-03-22 01:16:31.996577"
"China","4.99","2007-02-16 06:17:16.996577"
"Mexico","4.99","2007-03-18 11:17:11.996577"
"China","2.99","2007-02-15 20:35:35.996577"
"China","6.99","2007-04-10 18:50:38.996577"
"Mexico","8.99","2007-03-01 03:30:12.996577"
"China","7.99","2007-04-27 11:18:43.996577"
"China","3.99","2007-04-30 02:30:31.996577"
"Mexico","4.99","2007-02-15 13:14:14.996577"
"China","4.99","2007-04-06 20:10:47.996577"
"China","3.99","2007-04-30 05:53:00.996577"
"Mexico","4.99","2007-04-27 09:08:19.996577"
"China","3.99","2007-02-15 11:19:29.996577"
"China","4.99","2007-04-30 04:04:14.996577"
"China","7.99","2007-02-20 20:58:49.996577"
"Mexico","1.99","2007-02-20 21:34:33.996577"
"China","1.99","2007-04-28 09:39:59.996577"
"China","2.99","2007-03-22 00:04:03.996577"
"Mexico","2.99","2007-04-10 03:35:11.996577"
"China","7.99","2007-04-30 10:35:24.996577"
"China","7.99","2007-04-05 21:24:59.996577"
"China","0.99","2007-05-14 13:44:29.996577"
"China","2.99","2007-03-01 00:19:15.996577"
"China","6.99","2007-02-19 03:24:53.996577"
"China","3.99","2007-03-17 00:32:15.996577"
"China","0.99","2007-02-19 17:15:09.996577"
"China","0.99","2007-03-22 04:19:52.996577"
"China","5.99","2007-03-17 20:48:55.996577"
"China","2.99","2007-02-19 16:53:08.996577"
"China","4.99","2007-04-29 17:49:15.996577"
"China","4.99","2007-03-21 02:36:45.996577"
"China","2.99","2007-04-27 02:55:58.996577"
"China","2.99","2007-03-02 01:14:48.996577"
"China","4.99","2007-04-07 12:08:24.996577"
"China","4.99","2007-04-28 14:34:04.996577"
"Mexico","2.99","2007-03-21 11:04:15.996577"
"Mexico","0.99","2007-03-21 01:27:43.996577"
"China","2.99","2007-03-17 02:29:06.996577"
"China","4.99","2007-04-30 20:31:46.996577"
"China","4.99","2007-04-27 02:14:08.996577"
"China","6.99","2007-02-19 03:31:02.996577"
"Bangladesh","2.99","2007-03-20 06:55:56.996577"
"China","2.99","2007-04-30 14:00:54.996577"
"Mexico","0.99","2007-03-22 21:46:36.996577"
"Mexico","6.99","2007-04-11 14:30:01.996577"
"China","6.99","2007-03-18 03:36:29.996577"
"Mexico","4.99","2007-04-30 16:16:42.996577"
"China","3.99","2007-04-06 01:45:49.996577"
"China","3.99","2007-02-17 10:31:27.996577"
"Mexico","7.99","2007-03-18 11:06:02.996577"
"China","2.99","2007-04-30 15:58:29.996577"
"Mexico","5.99","2007-04-07 11:28:46.996577"
"China","4.99","2007-03-17 20:08:06.996577"
"Mexico","0.99","2007-04-30 10:03:50.996577"
"Mexico","2.99","2007-02-16 20:19:30.996577"
"China","0.99","2007-04-27 02:30:59.996577"
"China","4.99","2007-04-30 23:35:53.996577"
"China","3.99","2007-02-20 03:35:50.996577"
"China","5.99","2007-04-10 06:39:31.996577"
"China","0.99","2007-03-21 22:45:46.996577"
"Mexico","0.99","2007-03-17 00:18:52.996577"
"China","2.99","2007-04-05 23:51:11.996577"
"China","0.99","2007-04-12 12:58:54.996577"
"China","3.99","2007-04-09 07:31:40.996577"
"Mexico","2.99","2007-04-11 05:59:34.996577"
"Mexico","4.99","2007-02-20 16:33:21.996577"
"Mexico","4.99","2007-04-28 12:51:27.996577"
"Mexico","0.99","2007-03-20 05:12:10.996577"
"China","7.99","2007-04-27 20:16:03.996577"
"China","5.99","2007-03-22 05:06:36.996577"
"China","2.99","2007-03-23 05:58:49.996577"
"Mexico","2.99","2007-04-11 21:07:31.996577"
"China","0.99","2007-04-10 04:30:51.996577"
"Mexico","5.99","2007-04-12 04:32:48.996577"
"China","2.99","2007-02-17 12:47:03.996577"
"Mexico","2.99","2007-02-19 02:14:05.996577"
"China","2.99","2007-04-27 21:59:07.996577"
"Mexico","8.99","2007-03-18 08:45:23.996577"
"China","0.99","2007-03-02 03:58:14.996577"
"China","4.99","2007-03-18 04:55:17.996577"
"Mexico","0.99","2007-04-28 04:06:46.996577"
"Mexico","2.99","2007-03-23 14:46:51.996577"
"China","0.99","2007-04-11 22:51:27.996577"
"China","3.99","2007-03-19 18:51:10.996577"
"China","0.99","2007-04-27 17:10:01.996577"
"China","4.99","2007-04-27 03:08:12.996577"
"China","0.99","2007-02-20 22:20:56.996577"
"Mexico","4.99","2007-04-07 05:12:53.996577"
"China","1.99","2007-03-21 16:25:48.996577"
"China","5.99","2007-04-30 01:31:33.996577"
"Mexico","8.99","2007-04-10 12:44:48.996577"
"Mexico","2.99","2007-04-30 17:12:49.996577"
"China","4.99","2007-03-18 12:08:19.996577"
"Mexico","4.99","2007-04-28 01:54:47.996577"
"China","4.99","2007-03-20 15:11:19.996577"
"China","4.99","2007-03-19 05:29:01.996577"
"Mexico","4.99","2007-04-08 17:22:30.996577"
"Mexico","4.99","2007-04-09 17:16:14.996577"
"China","0.99","2007-04-08 00:47:53.996577"
"Mexico","0.99","2007-03-22 09:40:17.996577"
"China","0.99","2007-03-16 23:32:15.996577"
"Mexico","4.99","2007-04-29 16:57:20.996577"
"China","2.99","2007-04-30 17:13:56.996577"
"China","4.99","2007-02-20 15:17:24.996577"
"Bangladesh","4.99","2007-03-21 22:50:23.996577"
"China","7.99","2007-03-23 19:28:48.996577"
"Mexico","6.99","2007-02-21 04:04:18.996577"
"China","7.99","2007-02-18 13:26:15.996577"
"China","3.99","2007-04-10 04:18:01.996577"
"Mexico","3.99","2007-03-21 22:13:19.996577"
"China","2.99","2007-03-20 01:29:13.996577"
"Mexico","2.99","2007-04-30 07:36:29.996577"
"China","2.99","2007-03-20 15:59:18.996577"
"China","5.99","2007-02-16 08:48:18.996577"
"Mexico","7.99","2007-03-02 13:26:10.996577"
"China","4.99","2007-02-17 04:09:18.996577"
"China","1.99","2007-02-14 23:10:43.996577"
"China","0.99","2007-04-29 08:03:04.996577"
"Mexico","5.99","2007-02-21 19:48:13.996577"
"Mexico","8.99","2007-04-11 19:24:55.996577"
"Bangladesh","0.99","2007-03-22 14:36:00.996577"
"China","7.99","2007-03-19 05:52:29.996577"
"China","2.99","2007-03-02 20:37:31.996577"
"Mexico","0.99","2007-04-08 13:25:58.996577"
"China","0.99","2007-03-18 04:35:26.996577"
"Mexico","2.99","2007-03-19 09:56:09.996577"
"China","2.99","2007-03-02 04:32:19.996577"
"Mexico","5.99","2007-03-17 04:15:21.996577"
"China","3.99","2007-03-17 16:13:26.996577"
"China","3.99","2007-03-23 12:54:30.996577"
"China","0.99","2007-04-10 02:05:22.996577"
"Mexico","2.99","2007-03-19 14:08:54.996577"
"China","3.99","2007-03-17 09:26:06.996577"
"China","4.99","2007-04-30 10:19:20.996577"
"China","2.99","2007-04-11 01:29:16.996577"
"China","0.99","2007-04-05 21:28:19.996577"
"Mexico","3.99","2007-03-02 03:15:19.996577"
"China","5.99","2007-04-07 09:52:44.996577"
"China","0.99","2007-04-30 01:00:26.996577"
"Mexico","4.99","2007-04-29 21:38:54.996577"
"China","2.99","2007-04-07 21:25:56.996577"
"China","4.99","2007-03-02 10:25:20.996577"
"China","4.99","2007-03-02 14:22:14.996577"
"China","0.99","2007-04-27 18:52:57.996577"
"China","0.99","2007-04-11 23:04:28.996577"
"Mexico","2.99","2007-03-22 08:49:21.996577"
"Mexico","2.99","2007-03-20 00:05:00.996577"
"China","1.99","2007-03-21 23:38:58.996577"
"China","2.99","2007-02-20 19:13:06.996577"
"China","0.99","2007-04-27 01:30:06.996577"
"China","2.99","2007-03-01 10:51:07.996577"
"China","4.99","2007-04-29 05:29:13.996577"
"China","2.99","2007-04-30 03:25:33.996577"
"China","5.99","2007-04-29 06:13:22.996577"
"China","1.99","2007-04-29 04:05:13.996577"
"Mexico","0.99","2007-03-22 16:51:49.996577"
"China","4.99","2007-03-20 17:35:46.996577"
"China","2.99","2007-04-30 21:41:19.996577"
"Mexico","0.99","2007-03-23 14:28:17.996577"
"Mexico","2.99","2007-04-28 22:27:28.996577"
"Mexico","5.99","2007-04-28 12:17:04.996577"
"Mexico","0.99","2007-04-12 17:49:07.996577"
"Mexico","0.99","2007-03-20 13:33:55.996577"
"China","2.99","2007-04-09 03:17:16.996577"
"China","4.99","2007-04-05 21:20:10.996577"
"Mexico","8.99","2007-04-09 23:43:37.996577"
"China","4.99","2007-04-30 04:39:14.996577"
"Mexico","0.99","2007-02-21 14:42:28.996577"
"Mexico","2.99","2007-04-28 05:43:09.996577"
"China","0.99","2007-04-30 07:07:02.996577"
"China","2.99","2007-03-20 15:11:28.996577"
"China","0.99","2007-04-27 07:03:28.996577"
"China","1.99","2007-04-06 17:41:06.996577"
"Mexico","0.99","2007-03-20 11:14:43.996577"
"China","6.99","2007-04-30 02:21:03.996577"
"China","0.99","2007-04-06 08:11:27.996577"
"China","4.99","2007-03-22 04:48:03.996577"
"China","2.99","2007-03-19 13:15:44.996577"
"China","4.99","2007-03-20 17:49:54.996577"
"China","5.99","2007-04-07 02:06:48.996577"
"Mexico","2.99","2007-05-14 13:44:29.996577"
"Mexico","2.99","2007-04-28 08:10:57.996577"
"China","2.99","2007-02-14 22:16:01.996577"
"Mexico","9.99","2007-04-30 17:32:56.996577"
"Mexico","2.99","2007-04-07 18:01:49.996577"
"China","3.99","2007-04-29 05:34:29.996577"
"China","0.99","2007-04-07 20:43:09.996577"
"China","4.99","2007-04-30 12:33:10.996577"
"China","4.99","2007-02-17 03:46:58.996577"
"China","4.99","2007-03-21 23:09:50.996577"
"China","0.99","2007-04-09 03:10:26.996577"
"Mexico","4.99","2007-03-22 00:02:31.996577"
"Mexico","2.99","2007-03-02 10:24:57.996577"
"China","0.99","2007-04-12 18:07:23.996577"
"Mexico","0.99","2007-04-30 16:19:49.996577"
"China","3.99","2007-03-21 21:53:18.996577"
"China","3.99","2007-03-22 17:18:06.996577"
"Mexico","2.99","2007-03-23 01:05:45.996577"
"Mexico","2.99","2007-03-02 15:21:23.996577"
"Mexico","9.99","2007-02-19 09:45:38.996577"
"China","1.99","2007-04-10 03:24:11.996577"
"China","9.99","2007-03-19 02:44:39.996577"
"China","5.99","2007-02-15 23:21:17.996577"
"China","0.99","2007-03-20 07:40:08.996577"
"Mexico","7.99","2007-04-28 13:54:46.996577"
"China","1.99","2007-04-30 14:34:18.996577"
"Mexico","0.99","2007-04-29 07:05:22.996577"
"China","0.99","2007-03-18 11:13:50.996577"
"Mexico","2.99","2007-02-16 19:01:41.996577"
"Mexico","4.99","2007-04-30 10:42:14.996577"
"China","0.99","2007-04-30 19:34:38.996577"
"China","2.99","2007-04-30 04:52:54.996577"
"China","0.99","2007-04-05 23:39:34.996577"
"Mexico","3.99","2007-03-22 04:58:00.996577"
"China","5.99","2007-02-16 08:42:01.996577"
"China","2.99","2007-04-07 12:43:02.996577"
"China","2.99","2007-04-05 21:41:33.996577"
"China","5.99","2007-03-01 07:10:20.996577"
"Mexico","2.99","2007-03-17 13:40:21.996577"
"China","0.99","2007-03-01 01:38:50.996577"
"China","5.99","2007-03-17 08:48:17.996577"
"Mexico","4.99","2007-03-01 00:00:22.996577"
"China","1.99","2007-03-20 02:12:52.996577"
"China","3.99","2007-02-20 02:41:12.996577"
"China","0.99","2007-04-28 18:23:47.996577"
"China","4.99","2007-03-01 19:18:01.996577"
"China","7.99","2007-03-02 14:06:08.996577"
"China","6.99","2007-03-22 19:29:51.996577"
"China","3.99","2007-03-19 13:33:52.996577"
"China","0.99","2007-04-28 06:42:38.996577"
"Mexico","2.99","2007-03-01 16:19:47.996577"
"Mexico","6.99","2007-03-20 11:21:38.996577"
"Mexico","2.99","2007-04-29 15:55:41.996577"
"Mexico","3.99","2007-04-12 20:30:35.996577"
"China","0.99","2007-04-30 14:25:01.996577"
"China","5.99","2007-03-23 11:54:27.996577"
"China","6.99","2007-04-29 13:54:57.996577"
"Mexico","2.99","2007-03-17 23:34:20.996577"
"Mexico","4.99","2007-02-15 16:14:17.996577"
"China","7.99","2007-03-22 21:48:10.996577"
"China","8.99","2007-02-15 23:01:18.996577"
"China","0.99","2007-02-20 05:15:49.996577"
"Mexico","3.99","2007-03-19 02:53:01.996577"
"Mexico","0.99","2007-04-30 08:49:29.996577"
"Mexico","2.99","2007-03-17 16:58:01.996577"
"Mexico","0.99","2007-04-27 02:57:05.996577"
"China","5.99","2007-03-01 00:35:58.996577"
"Mexico","4.99","2007-02-17 19:46:54.996577"
"Bangladesh","0.99","2007-04-30 01:27:47.996577"
"China","0.99","2007-02-17 07:31:24.996577"
"Mexico","2.99","2007-03-22 20:28:17.996577"
"China","3.99","2007-03-16 22:33:31.996577"
"Mexico","0.99","2007-03-01 15:24:43.996577"
"Bangladesh","0.99","2007-04-09 17:53:51.996577"
"Mexico","5.99","2007-02-17 13:23:55.996577"
"China","2.99","2007-04-08 03:05:01.996577"
"Mexico","0.99","2007-03-01 11:06:12.996577"
"China","2.99","2007-04-30 11:51:46.996577"
"China","0.99","2007-04-27 17:35:43.996577"
"China","4.99","2007-03-21 10:04:41.996577"
"China","0.99","2007-04-27 11:06:40.996577"
"Mexico","0.99","2007-03-21 10:50:10.996577"
"China","0.99","2007-04-08 08:29:54.996577"
"Mexico","4.99","2007-04-07 10:48:47.996577"
"China","2.99","2007-03-21 04:08:01.996577"
"China","8.99","2007-03-02 02:35:12.996577"
"Mexico","2.99","2007-04-30 19:47:52.996577"
"Mexico","5.99","2007-04-29 02:34:59.996577"
"China","0.99","2007-04-10 07:34:29.996577"
"China","4.99","2007-03-23 18:35:36.996577"
"Mexico","1.99","2007-04-10 19:10:07.996577"
"China","2.99","2007-04-28 05:27:35.996577"
"China","4.99","2007-04-27 20:45:31.996577"
"China","5.99","2007-04-11 17:49:10.996577"
"China","5.99","2007-02-19 16:46:38.996577"
"Mexico","0.99","2007-03-19 07:34:34.996577"
"China","5.99","2007-03-23 07:35:37.996577"
"Mexico","4.99","2007-04-28 11:06:48.996577"
"China","5.99","2007-04-07 01:21:18.996577"
"China","3.99","2007-04-27 08:49:41.996577"
"China","4.99","2007-02-18 10:53:40.996577"
"China","7.99","2007-04-30 00:41:56.996577"
"China","0.99","2007-04-29 16:09:11.996577"
"Mexico","2.99","2007-03-22 04:48:33.996577"
"Mexico","0.99","2007-03-19 02:10:34.996577"
"Bangladesh","6.99","2007-04-07 15:16:19.996577"
"Mexico","4.99","2007-02-17 15:18:11.996577"
"China","0.99","2007-03-22 19:24:22.996577"
"China","3.99","2007-03-20 16:36:45.996577"
"China","6.99","2007-03-02 15:01:37.996577"
"Mexico","2.99","2007-03-23 19:14:19.996577"
"China","2.99","2007-03-17 12:11:18.996577"
"China","4.99","2007-04-09 05:58:11.996577"
"China","0.99","2007-02-19 16:15:18.996577"
"Mexico","5.99","2007-04-12 07:47:01.996577"
"Mexico","1.99","2007-04-27 13:14:25.996577"
"China","2.99","2007-04-09 22:26:10.996577"
"China","3.99","2007-02-16 06:18:13.996577"
"China","2.99","2007-04-27 16:03:06.996577"
"Mexico","2.99","2007-04-27 05:20:47.996577"
"China","3.99","2007-04-27 18:16:38.996577"
"China","2.99","2007-02-16 12:28:08.996577"
"China","5.99","2007-04-10 19:10:07.996577"
"Mexico","7.99","2007-04-30 17:54:15.996577"
"Mexico","2.99","2007-04-30 21:53:50.996577"
"China","2.99","2007-04-29 08:38:09.996577"
"China","4.99","2007-02-15 11:17:28.996577"
"China","4.99","2007-04-07 23:29:44.996577"
"China","1.99","2007-03-17 02:57:22.996577"
"China","5.99","2007-04-30 14:13:09.996577"
"Mexico","3.99","2007-02-20 01:47:36.996577"
"China","4.99","2007-04-12 05:24:50.996577"
"Mexico","2.99","2007-03-01 15:16:57.996577"
"China","2.99","2007-03-01 17:49:37.996577"
"China","1.99","2007-03-21 22:08:54.996577"
"Mexico","6.99","2007-03-02 08:44:17.996577"
"Mexico","2.99","2007-03-22 19:43:55.996577"
"China","6.99","2007-04-30 20:10:01.996577"
"China","2.99","2007-04-07 22:33:25.996577"
"Mexico","2.99","2007-03-20 06:48:45.996577"
"Mexico","2.99","2007-04-07 19:06:19.996577"
"Mexico","4.99","2007-02-15 05:06:21.996577"
"China","2.99","2007-03-23 16:49:22.996577"
"Mexico","2.99","2007-03-20 02:32:17.996577"
"China","0.99","2007-03-22 00:45:21.996577"
"China","5.99","2007-02-15 19:23:46.996577"
"China","7.99","2007-03-21 12:30:10.996577"
"Mexico","0.99","2007-04-30 06:52:05.996577"
"China","0.99","2007-04-28 09:25:41.996577"
"Mexico","6.99","2007-04-27 11:31:20.996577"
"China","2.99","2007-04-27 11:18:49.996577"
"China","9.99","2007-03-19 14:46:50.996577"
"China","4.99","2007-03-22 06:23:13.996577"
"China","8.99","2007-03-17 13:43:27.996577"
"Mexico","5.99","2007-03-19 03:32:35.996577"
"China","4.99","2007-03-18 19:11:26.996577"
"China","2.99","2007-03-21 12:20:33.996577"
"Mexico","4.99","2007-03-18 16:02:45.996577"
"China","3.99","2007-04-28 19:38:56.996577"
"Mexico","0.99","2007-03-02 00:39:29.996577"
"China","7.99","2007-04-12 10:12:59.996577"
"Mexico","0.99","2007-03-20 23:31:56.996577"
"Mexico","4.99","2007-04-11 13:35:45.996577"
"Mexico","4.99","2007-04-30 07:26:01.996577"
"China","7.98","2007-05-14 13:44:29.996577"
"China","2.99","2007-04-08 18:51:41.996577"
"China","7.99","2007-04-30 15:38:02.996577"
"China","2.99","2007-03-20 10:18:40.996577"
"Mexico","3.99","2007-02-17 07:20:27.996577"
"China","2.99","2007-02-17 06:55:18.996577"
"Mexico","7.99","2007-04-11 23:43:50.996577"
"China","6.99","2007-03-23 18:50:43.996577"
"China","0.99","2007-04-11 20:44:22.996577"
"China","4.99","2007-03-02 03:41:26.996577"
"Mexico","6.99","2007-04-08 00:50:44.996577"
"Mexico","3.99","2007-04-28 13:25:07.996577"
"China","1.99","2007-03-17 04:26:20.996577"
"Mexico","6.99","2007-04-30 17:06:13.996577"
"China","0.99","2007-03-21 05:19:14.996577"
"Bangladesh","8.99","2007-04-28 11:01:36.996577"
"Bangladesh","0.99","2007-04-28 13:25:20.996577"
"China","9.99","2007-04-30 19:14:28.996577"
"China","2.99","2007-04-08 21:13:28.996577"
"China","5.99","2007-04-06 10:08:53.996577"
"China","0.99","2007-04-12 12:09:42.996577"
"China","4.99","2007-04-29 11:32:53.996577"
"Mexico","2.99","2007-03-21 03:21:34.996577"
"China","2.99","2007-03-19 16:18:29.996577"
"Mexico","0.99","2007-04-08 13:16:33.996577"
"Mexico","0.99","2007-04-12 12:25:14.996577"
"Mexico","3.99","2007-04-30 16:22:17.996577"
"China","4.99","2007-03-20 01:57:54.996577"
"China","4.99","2007-02-19 15:24:25.996577"
"Mexico","4.99","2007-04-10 08:54:40.996577"
"Bangladesh","4.99","2007-04-07 20:30:09.996577"
"Mexico","6.99","2007-04-12 15:17:37.996577"
"Mexico","5.99","2007-03-20 22:27:28.996577"
"China","9.99","2007-04-29 22:36:34.996577"
"China","6.99","2007-04-30 08:50:37.996577"
"China","7.99","2007-02-16 19:28:01.996577"
"China","2.99","2007-03-18 22:43:35.996577"
"China","6.99","2007-04-30 16:41:48.996577"
"China","0.99","2007-04-06 08:14:29.996577"
"China","0.99","2007-03-02 15:40:56.996577"
"Bangladesh","4.99","2007-04-27 21:26:43.996577"
"China","0.99","2007-04-30 22:40:37.996577"
"Mexico","0.99","2007-04-30 18:17:07.996577"
"China","2.99","2007-04-08 17:20:33.996577"
"China","3.99","2007-04-30 07:34:10.996577"
"China","0.99","2007-04-06 07:30:22.996577"
"China","0.99","2007-03-20 03:17:47.996577"
"Mexico","5.99","2007-03-01 08:30:08.996577"
"China","3.99","2007-03-01 16:56:43.996577"
"China","2.99","2007-04-09 08:56:44.996577"
"China","0.99","2007-03-20 20:40:12.996577"
"China","0.99","2007-04-30 01:04:32.996577"
"Mexico","0.99","2007-04-12 17:11:21.996577"
"Mexico","1.99","2007-04-12 08:16:24.996577"
"China","8.99","2007-04-30 21:50:46.996577"
"China","4.99","2007-04-08 08:54:28.996577"
"Mexico","2.99","2007-03-23 07:51:34.996577"
"China","2.99","2007-04-30 03:30:26.996577"
"China","1.99","2007-03-21 03:35:34.996577"
"Mexico","6.99","2007-03-02 16:47:55.996577"
"China","10.99","2007-03-17 02:54:13.996577"
"China","5.99","2007-04-29 12:00:31.996577"
"Mexico","2.99","2007-02-20 18:12:11.996577"
"China","2.99","2007-03-23 09:44:42.996577"
"Mexico","2.99","2007-04-29 07:14:23.996577"
"China","3.99","2007-03-21 04:03:43.996577"
"Mexico","5.99","2007-04-07 19:03:26.996577"
"Mexico","2.99","2007-03-22 11:09:59.996577"
"China","7.99","2007-02-18 04:57:27.996577"
"China","8.99","2007-03-23 04:38:10.996577"
"China","4.99","2007-02-15 13:50:29.996577"
"Mexico","6.99","2007-02-21 06:48:44.996577"
"China","4.99","2007-03-17 12:40:10.996577"
"China","2.99","2007-03-22 04:58:54.996577"
"Mexico","2.99","2007-04-30 08:40:18.996577"
"Mexico","4.99","2007-02-16 00:10:50.996577"
"China","4.99","2007-03-01 02:56:25.996577"
"Mexico","6.99","2007-04-12 09:57:40.996577"
"China","6.99","2007-04-29 03:38:34.996577"
"China","0.99","2007-02-16 08:00:03.996577"
"China","4.99","2007-03-20 10:14:20.996577"
"Mexico","8.99","2007-03-01 01:43:00.996577"
"China","4.99","2007-04-07 18:35:11.996577"
"China","9.99","2007-04-12 15:32:22.996577"
"China","0.99","2007-04-11 23:35:01.996577"
"Bangladesh","4.99","2007-03-19 21:12:04.996577"
"China","2.99","2007-04-07 02:31:16.996577"
"China","0.99","2007-02-21 14:26:18.996577"
"Mexico","2.99","2007-03-22 00:33:51.996577"
"Mexico","3.99","2007-04-12 06:48:28.996577"
"Mexico","2.99","2007-04-07 14:37:17.996577"
"China","4.99","2007-03-19 00:47:24.996577"
"China","7.99","2007-03-21 04:50:33.996577"
"China","5.99","2007-04-07 18:11:54.996577"
"Mexico","4.99","2007-03-17 15:52:56.996577"
"China","4.99","2007-03-22 05:14:29.996577"
"China","3.99","2007-04-09 05:35:31.996577"
"China","2.99","2007-02-16 10:26:00.996577"
"China","8.99","2007-04-30 23:09:24.996577"
"China","1.99","2007-04-08 17:56:16.996577"
"Mexico","8.99","2007-03-23 03:20:42.996577"
"Mexico","2.99","2007-02-15 16:42:12.996577"
"China","6.99","2007-03-01 13:25:26.996577"
"China","2.99","2007-04-28 04:39:21.996577"
"China","4.99","2007-04-30 04:17:15.996577"
"Mexico","3.99","2007-04-06 20:35:59.996577"
"China","7.99","2007-03-19 16:56:50.996577"
"Mexico","2.99","2007-04-10 17:43:24.996577"
"China","6.99","2007-04-30 07:18:34.996577"
"China","5.99","2007-04-10 22:45:04.996577"
"China","6.99","2007-02-21 17:14:31.996577"
"China","2.99","2007-03-21 15:12:57.996577"
"China","6.99","2007-02-21 17:48:43.996577"
"Mexico","0.99","2007-03-01 10:53:08.996577"
"China","2.99","2007-03-20 14:40:00.996577"
"China","2.99","2007-04-30 10:49:25.996577"
"Mexico","2.99","2007-02-16 13:41:18.996577"
"Mexico","0.99","2007-03-21 21:49:49.996577"
"China","2.99","2007-02-18 19:20:00.996577"
"Mexico","5.99","2007-03-19 08:29:33.996577"
"China","5.99","2007-04-09 19:30:52.996577"
"Mexico","4.99","2007-03-20 06:30:05.996577"
"Mexico","0.99","2007-04-09 20:28:07.996577"
"Mexico","0.99","2007-03-21 23:13:23.996577"
"China","2.99","2007-03-19 22:11:18.996577"
"China","8.99","2007-02-19 18:26:42.996577"
"China","2.99","2007-04-27 08:55:59.996577"
"China","4.99","2007-03-22 15:51:07.996577"
"China","6.99","2007-02-20 20:00:58.996577"
"China","10.99","2007-03-19 09:55:58.996577"
"China","2.99","2007-04-26 23:00:30.996577"
"China","0.99","2007-03-20 11:28:56.996577"
"China","4.99","2007-04-28 05:51:17.996577"
"China","0.99","2007-03-23 19:29:35.996577"
"China","0.99","2007-04-06 15:26:15.996577"
"Mexico","2.99","2007-03-20 08:00:49.996577"
"China","2.99","2007-04-29 11:35:33.996577"
"China","6.99","2007-04-12 18:27:00.996577"
"China","2.99","2007-03-19 22:33:59.996577"
"Mexico","7.99","2007-04-27 02:00:14.996577"
"Mexico","4.99","2007-04-12 14:57:15.996577"
"China","4.99","2007-03-02 00:34:44.996577"
"China","2.99","2007-04-09 17:47:35.996577"
"China","1.99","2007-03-21 20:10:23.996577"
"China","4.99","2007-04-06 00:44:43.996577"
"Mexico","0.99","2007-02-17 12:59:28.996577"
"Mexico","2.99","2007-03-02 18:57:56.996577"
"China","2.99","2007-02-20 22:30:36.996577"
"China","6.99","2007-03-22 13:02:16.996577"
"China","6.99","2007-04-30 03:00:16.996577"
"Bangladesh","0.99","2007-04-09 20:13:43.996577"
"Mexico","3.99","2007-03-01 11:00:49.996577"
"China","2.99","2007-04-11 17:37:59.996577"
"China","0.99","2007-02-21 12:45:14.996577"
"Mexico","0.99","2007-04-06 11:35:53.996577"
"China","2.99","2007-04-09 13:03:39.996577"
"China","0.99","2007-04-30 02:45:28.996577"
"Mexico","0.99","2007-04-09 11:25:24.996577"
"Mexico","0.99","2007-04-30 18:37:26.996577"
"China","4.99","2007-04-28 09:01:48.996577"
"China","0.99","2007-04-11 03:16:08.996577"
"China","2.99","2007-04-09 07:21:35.996577"
"China","2.99","2007-02-20 14:03:50.996577"
"Mexico","0.99","2007-04-30 07:12:09.996577"
"China","8.99","2007-02-16 02:23:05.996577"
"Mexico","0.99","2007-04-06 21:16:25.996577"
"China","1.99","2007-03-17 03:18:01.996577"
"China","2.99","2007-04-06 21:07:15.996577"
"China","10.99","2007-04-30 08:54:45.996577"
"Mexico","5.99","2007-03-23 18:33:07.996577"
"China","0.99","2007-04-07 09:36:18.996577"
"Mexico","2.99","2007-03-02 07:22:43.996577"
"China","0.99","2007-04-29 18:08:34.996577"
"Mexico","4.99","2007-04-10 05:01:15.996577"
"Mexico","5.99","2007-04-28 13:57:26.996577"
"China","2.99","2007-03-17 19:53:14.996577"
"China","4.99","2007-02-20 21:24:21.996577"
"China","5.99","2007-03-20 13:59:17.996577"
"Mexico","4.99","2007-03-17 05:38:25.996577"
"China","0.99","2007-04-30 22:25:20.996577"
"Mexico","4.99","2007-03-18 08:30:14.996577"
"China","0.99","2007-03-01 23:15:59.996577"
"China","1.99","2007-03-01 04:13:02.996577"
"China","2.99","2007-03-17 08:30:55.996577"
"China","2.99","2007-04-29 18:13:59.996577"
"China","0.99","2007-04-28 19:19:18.996577"
"Mexico","6.99","2007-04-12 00:36:25.996577"
"China","1.99","2007-02-21 06:02:06.996577"
"Mexico","0.99","2007-02-16 14:35:53.996577"
"China","5.99","2007-04-09 18:49:36.996577"
"Mexico","8.99","2007-04-09 06:33:40.996577"
"China","2.99","2007-03-01 14:52:34.996577"
"China","4.99","2007-02-17 01:47:17.996577"
"China","7.99","2007-03-21 04:36:41.996577"
"China","4.99","2007-04-30 21:31:02.996577"
"China","0.99","2007-04-09 19:49:51.996577"
"China","6.99","2007-03-17 17:37:38.996577"
"China","4.99","2007-04-29 05:36:14.996577"
"China","4.99","2007-03-18 12:23:14.996577"
"Mexico","5.99","2007-03-20 04:28:29.996577"
"China","0.99","2007-04-29 11:47:18.996577"
"Mexico","0.99","2007-03-18 05:46:36.996577"
"China","0.99","2007-04-12 17:22:03.996577"
"China","4.99","2007-02-16 16:19:27.996577"
"China","6.99","2007-03-01 19:19:36.996577"
"Mexico","5.99","2007-03-18 11:07:03.996577"
"China","3.99","2007-04-27 05:39:06.996577"
"China","2.99","2007-04-27 02:53:51.996577"
"Mexico","2.99","2007-03-22 03:20:08.996577"
"China","2.99","2007-04-30 10:30:15.996577"
"China","0.99","2007-03-21 07:36:16.996577"
"China","2.99","2007-03-19 02:38:04.996577"
"Bangladesh","2.99","2007-03-19 20:06:23.996577"
"Mexico","2.99","2007-04-27 13:20:32.996577"
"Mexico","6.99","2007-04-07 13:07:18.996577"
"China","2.99","2007-03-19 20:12:24.996577"
"China","0.99","2007-04-27 11:27:36.996577"
"China","2.99","2007-03-01 10:24:48.996577"
"China","3.99","2007-03-02 09:45:37.996577"
"Mexico","8.99","2007-04-29 05:34:47.996577"
"China","6.99","2007-04-08 17:34:00.996577"
"China","0.99","2007-03-19 11:49:30.996577"
"Mexico","0.99","2007-03-21 18:16:21.996577"
"China","7.99","2007-04-30 23:21:06.996577"
"China","4.99","2007-03-19 11:23:35.996577"
"Mexico","2.99","2007-04-08 02:24:55.996577"
"China","3.99","2007-04-27 12:27:23.996577"
"China","0.99","2007-02-20 17:38:12.996577"
"China","0.99","2007-03-18 20:21:25.996577"
"Mexico","2.99","2007-03-01 22:56:16.996577"
"Mexico","4.99","2007-04-30 08:14:55.996577"
"China","4.99","2007-04-06 03:03:38.996577"
"China","4.99","2007-04-09 15:29:15.996577"
"China","2.99","2007-02-21 13:39:16.996577"
"China","5.99","2007-04-08 17:07:57.996577"
"China","0.99","2007-04-09 12:54:27.996577"
"Bangladesh","1.99","2007-04-09 13:09:08.996577"
"Mexico","2.99","2007-04-27 22:40:13.996577"
"China","2.99","2007-03-22 11:48:54.996577"
"China","2.99","2007-04-10 07:20:05.996577"
"Mexico","3.99","2007-03-01 04:20:47.996577"
"China","4.99","2007-04-30 18:47:19.996577"
"China","3.99","2007-03-22 07:53:50.996577"
"Mexico","4.99","2007-03-17 23:15:04.996577"
"China","3.99","2007-04-30 23:33:30.996577"
"China","3.99","2007-04-30 11:11:50.996577"
"China","0.99","2007-02-15 11:57:14.996577"
"China","0.99","2007-03-02 16:42:38.996577"
"China","3.99","2007-04-07 07:26:49.996577"
"China","4.99","2007-02-17 02:54:49.996577"
"China","0.99","2007-02-17 23:07:01.996577"
"Mexico","6.99","2007-02-21 05:10:14.996577"
"China","6.99","2007-04-30 11:29:19.996577"
"Mexico","4.99","2007-04-30 13:27:27.996577"
"Bangladesh","2.99","2007-03-02 07:37:25.996577"
"China","2.99","2007-03-17 03:47:43.996577"
"Mexico","0.99","2007-04-08 12:48:27.996577"
"China","0.99","2007-03-22 19:44:12.996577"
"Mexico","2.99","2007-04-30 18:18:01.996577"
"Mexico","4.99","2007-04-30 04:35:20.996577"
"Bangladesh","0.99","2007-04-30 13:27:47.996577"
"Bangladesh","2.99","2007-04-09 17:39:37.996577"
"China","3.99","2007-04-30 18:50:27.996577"
"Mexico","9.99","2007-03-21 13:29:15.996577"
"China","0.99","2007-04-12 19:38:30.996577"
"Mexico","5.99","2007-04-08 20:58:25.996577"
"China","2.99","2007-03-17 11:28:59.996577"
"China","2.99","2007-04-08 17:43:11.996577"
"China","2.99","2007-03-20 22:39:42.996577"
"Mexico","5.99","2007-02-17 10:16:31.996577"
"China","5.99","2007-04-08 09:40:53.996577"
"China","2.99","2007-02-19 11:57:54.996577"
"Mexico","7.99","2007-04-07 22:50:32.996577"
"China","2.99","2007-04-30 13:45:50.996577"
"China","0.99","2007-03-18 14:15:37.996577"
"China","4.99","2007-03-21 00:01:58.996577"
"China","4.99","2007-03-19 04:34:52.996577"
"China","9.99","2007-04-07 17:44:24.996577"
"Mexico","3.99","2007-02-18 04:14:41.996577"
"China","2.99","2007-02-19 14:50:33.996577"
"China","7.99","2007-02-19 01:15:05.996577"
"Mexico","4.99","2007-03-18 06:23:35.996577"
"China","4.99","2007-04-06 10:19:23.996577"
"China","2.99","2007-05-14 13:44:29.996577"
"China","0.99","2007-04-28 22:44:49.996577"
"China","2.99","2007-03-01 12:32:04.996577"
"China","2.99","2007-04-08 14:12:31.996577"
"China","4.99","2007-03-23 08:01:48.996577"
"China","2.99","2007-04-08 11:40:33.996577"
"China","0.99","2007-04-09 17:34:22.996577"
"Mexico","0.99","2007-04-29 20:05:00.996577"
"China","4.99","2007-02-21 13:58:37.996577"
"China","2.99","2007-04-27 04:57:49.996577"
"Mexico","3.99","2007-03-02 06:34:44.996577"
"Mexico","4.99","2007-04-06 14:51:11.996577"
"China","3.99","2007-03-18 13:44:10.996577"
"China","4.99","2007-04-11 19:47:27.996577"
"China","2.99","2007-04-30 23:01:26.996577"
"China","0.99","2007-04-11 17:47:32.996577"
"China","2.99","2007-04-11 20:03:32.996577"
"Mexico","6.99","2007-04-28 07:31:28.996577"
"Mexico","3.99","2007-03-02 18:26:08.996577"
"China","5.99","2007-04-09 12:19:34.996577"
"China","3.99","2007-02-20 05:24:46.996577"
"China","7.99","2007-04-12 07:34:00.996577"
"Mexico","2.99","2007-04-30 06:18:36.996577"
"Mexico","0.99","2007-04-28 18:44:56.996577"
"China","4.99","2007-03-21 16:12:08.996577"
"China","0.99","2007-04-08 05:21:06.996577"
"China","2.99","2007-04-30 01:12:36.996577"
"China","3.99","2007-02-20 17:26:14.996577"
"China","1.99","2007-04-10 21:46:46.996577"
"Bangladesh","0.99","2007-03-01 02:50:20.996577"
"China","5.99","2007-04-10 06:38:55.996577"
"Mexico","0.99","2007-02-20 12:49:08.996577"
"Mexico","5.99","2007-04-28 02:09:39.996577"
"China","2.99","2007-03-01 15:19:23.996577"
"China","2.99","2007-02-21 02:36:07.996577"
"Mexico","0.99","2007-04-12 17:32:50.996577"
"Mexico","4.99","2007-03-18 23:46:26.996577"
"China","7.99","2007-04-11 22:25:04.996577"
"China","9.99","2007-04-12 13:42:15.996577"
"China","2.99","2007-04-07 09:34:59.996577"
"China","10.99","2007-02-20 06:07:59.996577"
"China","0.99","2007-02-15 10:19:56.996577"
"China","3.99","2007-03-22 15:04:13.996577"
"Bangladesh","6.99","2007-04-29 06:36:29.996577"
"China","4.99","2007-04-11 08:36:39.996577"
"China","4.99","2007-03-18 20:16:14.996577"
"China","4.99","2007-04-30 12:41:02.996577"
"China","1.99","2007-03-22 06:49:47.996577"
"China","5.99","2007-04-08 22:23:15.996577"
"China","8.99","2007-03-22 08:50:26.996577"
"China","7.99","2007-03-02 01:19:15.996577"
"China","0.99","2007-02-16 16:18:23.996577"
"Mexico","0.99","2007-03-20 04:31:59.996577"
"China","4.99","2007-04-30 00:08:40.996577"
"Mexico","2.99","2007-04-30 08:04:52.996577"
"China","2.99","2007-04-30 05:09:45.996577"
"China","0.99","2007-02-15 08:54:49.996577"
"China","6.99","2007-04-30 02:12:01.996577"
"Mexico","5.99","2007-03-22 21:36:23.996577"
"China","7.99","2007-04-27 09:45:48.996577"
"Mexico","1.99","2007-03-19 06:07:55.996577"
"China","0.99","2007-03-20 17:13:19.996577"
"China","3.99","2007-04-30 05:47:10.996577"
"Mexico","4.99","2007-03-01 08:31:43.996577"
"China","4.99","2007-03-22 16:00:07.996577"
"China","1.99","2007-03-21 08:35:00.996577"
"China","4.99","2007-03-02 08:52:07.996577"
"China","2.99","2007-04-30 10:40:26.996577"
"Mexico","4.99","2007-02-17 00:21:45.996577"
"China","7.99","2007-03-18 20:05:46.996577"
"Bangladesh","2.99","2007-04-06 21:28:46.996577"
"China","9.99","2007-04-06 12:30:52.996577"
"China","4.99","2007-03-19 07:59:59.996577"
"China","2.99","2007-02-17 16:34:40.996577"
"China","4.99","2007-04-29 03:09:39.996577"
"China","0.99","2007-02-19 18:12:38.996577"
"Mexico","2.99","2007-04-07 03:40:19.996577"
"Mexico","2.99","2007-04-28 11:52:58.996577"
"Mexico","2.99","2007-03-19 15:19:16.996577"
"China","4.99","2007-04-09 21:04:15.996577"
"China","3.99","2007-02-16 23:12:23.996577"
"China","3.99","2007-03-23 15:59:06.996577"
"China","8.99","2007-03-20 16:26:26.996577"
"China","0.99","2007-04-07 22:42:18.996577"
"China","9.99","2007-03-23 17:15:10.996577"
"Mexico","5.99","2007-03-20 11:37:19.996577"
"China","6.99","2007-03-21 08:15:01.996577"
"China","3.99","2007-02-20 09:45:46.996577"
"China","6.99","2007-03-02 16:03:36.996577"
"China","0.99","2007-03-20 17:41:32.996577"
"Bangladesh","4.99","2007-04-30 04:13:08.996577"
"China","0.99","2007-04-06 18:38:29.996577"
"Mexico","3.99","2007-04-08 23:50:10.996577"
"China","4.99","2007-04-29 04:00:10.996577"
"China","7.99","2007-03-21 12:04:20.996577"
"China","2.99","2007-02-19 10:55:45.996577"
"China","6.99","2007-04-09 15:40:01.996577"
"Mexico","0.99","2007-03-18 18:37:45.996577"
"Mexico","4.99","2007-02-17 12:15:18.996577"
"Mexico","2.99","2007-04-30 23:45:17.996577"
"China","4.99","2007-03-02 03:56:19.996577"
"China","4.99","2007-04-30 17:41:20.996577"
"China","2.99","2007-03-21 09:40:12.996577"
"China","0.99","2007-03-01 07:40:02.996577"
"Mexico","4.99","2007-04-09 04:13:42.996577"
"Mexico","2.99","2007-03-21 14:39:16.996577"
"China","0.99","2007-04-11 16:58:18.996577"
"China","0.99","2007-04-27 12:02:01.996577"
"Mexico","4.99","2007-02-19 05:57:39.996577"
"Mexico","2.99","2007-04-08 08:21:54.996577"
"Bangladesh","3.99","2007-04-10 11:56:06.996577"
"Mexico","2.99","2007-04-27 00:48:48.996577"
"Mexico","1.99","2007-04-08 14:35:17.996577"
"Mexico","2.99","2007-03-19 18:16:33.996577"
"China","4.99","2007-02-16 19:49:07.996577"
"China","4.99","2007-03-17 20:05:13.996577"
"Mexico","2.99","2007-03-18 14:20:02.996577"
"China","4.99","2007-04-30 10:31:41.996577"
"China","4.99","2007-04-10 12:34:29.996577"
"Mexico","4.99","2007-04-09 11:52:40.996577"
"Mexico","4.99","2007-03-20 09:11:08.996577"
"China","2.99","2007-03-18 22:18:50.996577"
"Mexico","6.99","2007-03-02 19:02:01.996577"
"China","5.99","2007-04-07 10:01:11.996577"
"Mexico","3.99","2007-04-07 05:34:29.996577"
"China","4.99","2007-04-30 16:59:03.996577"
"China","4.99","2007-03-22 18:48:30.996577"
"China","4.99","2007-04-30 05:36:05.996577"
"China","1.99","2007-03-02 04:19:46.996577"
"Mexico","4.99","2007-02-18 03:22:55.996577"
"Mexico","2.99","2007-03-20 08:06:30.996577"
"Mexico","4.99","2007-03-22 21:17:39.996577"
"China","4.99","2007-03-21 23:26:09.996577"
"Mexico","5.99","2007-03-21 18:56:52.996577"
"Mexico","4.99","2007-04-11 10:28:58.996577"
"China","0.99","2007-03-20 02:41:43.996577"
"China","0.99","2007-04-07 14:00:23.996577"
"China","0.99","2007-02-17 07:37:57.996577"
"China","0.99","2007-04-30 13:30:59.996577"
"Mexico","3.99","2007-03-01 18:37:50.996577"
"China","1.99","2007-04-30 11:45:53.996577"
"China","5.99","2007-03-21 01:28:14.996577"
"China","1.99","2007-02-19 23:35:42.996577"
"China","4.99","2007-04-10 06:02:34.996577"
"Mexico","4.99","2007-03-02 19:52:28.996577"
"Mexico","2.99","2007-02-21 00:18:13.996577"
"Mexico","2.99","2007-04-27 10:07:34.996577"
"Mexico","6.99","2007-04-08 16:39:26.996577"
"China","4.99","2007-03-18 04:10:05.996577"
"China","2.99","2007-03-01 11:15:18.996577"
"China","0.99","2007-03-23 15:13:22.996577"
"Mexico","3.99","2007-04-27 18:24:12.996577"
"Bangladesh","2.99","2007-04-27 15:27:35.996577"
"Mexico","7.99","2007-04-08 21:03:56.996577"
"China","4.99","2007-03-19 03:00:58.996577"
"China","2.99","2007-04-29 07:20:25.996577"
"China","0.99","2007-03-18 22:55:27.996577"
"China","4.99","2007-04-27 14:32:19.996577"
"Mexico","0.99","2007-03-01 00:37:48.996577"
"Mexico","5.99","2007-03-21 06:57:46.996577"
"Bangladesh","8.99","2007-03-20 05:27:26.996577"
"Mexico","8.99","2007-04-08 15:41:17.996577"
"China","4.99","2007-03-19 08:15:19.996577"
"China","2.99","2007-03-01 17:58:47.996577"
"China","2.99","2007-04-07 03:05:35.996577"
"China","4.99","2007-03-01 23:22:59.996577"
"Mexico","2.99","2007-03-18 15:34:48.996577"
"China","2.99","2007-03-19 23:35:40.996577"
"Mexico","6.99","2007-04-27 02:28:01.996577"
"China","2.99","2007-04-11 07:02:46.996577"
"China","2.99","2007-03-23 19:00:04.996577"
"China","8.99","2007-04-30 02:04:15.996577"
"Mexico","4.99","2007-03-21 05:35:13.996577"
"China","4.99","2007-03-20 18:00:55.996577"
"China","6.99","2007-04-29 12:34:50.996577"
"China","8.99","2007-03-22 02:49:21.996577"
"China","2.99","2007-02-20 07:13:34.996577"
"China","4.99","2007-03-01 11:36:53.996577"
"Mexico","4.99","2007-03-19 22:34:39.996577"
"China","4.99","2007-03-21 12:50:54.996577"
"China","0.99","2007-03-17 18:17:21.996577"
"China","5.99","2007-02-18 11:47:31.996577"
"China","4.99","2007-03-02 10:49:08.996577"
"China","0.99","2007-04-06 19:43:29.996577"
"Mexico","4.99","2007-02-21 10:48:20.996577"
"China","0.99","2007-04-07 13:06:59.996577"
"China","2.99","2007-04-12 08:01:36.996577"
"China","8.99","2007-04-06 19:44:04.996577"
"China","8.99","2007-03-19 06:33:16.996577"
"Mexico","7.99","2007-04-11 23:13:43.996577"
"China","2.99","2007-04-28 01:16:57.996577"
"China","3.99","2007-04-12 16:20:20.996577"
"Mexico","4.99","2007-02-15 09:10:39.996577"
"China","2.99","2007-02-17 10:03:35.996577"
"China","4.99","2007-04-11 02:15:07.996577"
"China","1.99","2007-04-30 02:18:01.996577"
"China","3.99","2007-03-17 16:04:13.996577"
"China","0.99","2007-04-29 22:43:11.996577"
"China","6.99","2007-04-07 23:06:50.996577"
"China","0.99","2007-04-27 01:56:01.996577"
"Mexico","0.99","2007-04-30 01:22:57.996577"
"China","2.99","2007-03-18 21:02:02.996577"
"China","0.99","2007-03-22 16:10:19.996577"
"China","3.99","2007-04-30 19:38:40.996577"
"China","0.99","2007-04-06 10:39:17.996577"
"China","0.99","2007-03-20 17:31:51.996577"
"China","0.99","2007-03-18 16:21:17.996577"
"Mexico","2.99","2007-03-22 05:38:52.996577"
"China","2.99","2007-02-18 17:59:19.996577"
"China","4.99","2007-03-22 13:50:41.996577"
"China","9.99","2007-04-12 17:28:11.996577"
"Bangladesh","2.99","2007-03-22 18:22:57.996577"
"China","4.99","2007-04-29 23:05:20.996577"
"China","7.99","2007-04-09 22:23:03.996577"
"Mexico","2.99","2007-03-19 14:57:13.996577"
"China","2.99","2007-04-07 18:16:12.996577"
"China","4.99","2007-04-27 16:11:53.996577"
"Mexico","4.99","2007-04-30 03:07:45.996577"
"China","4.99","2007-04-10 07:58:15.996577"
"Mexico","4.99","2007-04-27 17:18:56.996577"
"Mexico","4.99","2007-04-09 04:38:17.996577"
"China","2.99","2007-04-30 15:06:38.996577"
"China","4.99","2007-04-06 00:46:20.996577"
"Mexico","6.99","2007-02-16 20:22:18.996577"
"Mexico","6.99","2007-03-23 12:14:26.996577"
"China","6.99","2007-04-28 12:15:34.996577"
"China","0.99","2007-04-10 12:10:03.996577"
"China","0.99","2007-02-16 23:42:04.996577"
"China","4.99","2007-04-30 19:29:18.996577"
"China","8.99","2007-04-07 05:17:35.996577"
"China","1.99","2007-04-12 11:13:26.996577"
"Mexico","4.99","2007-04-07 09:54:05.996577"
"Mexico","5.99","2007-04-30 13:54:34.996577"
"Mexico","2.99","2007-02-18 00:55:27.996577"
"China","0.99","2007-04-27 06:47:04.996577"
"China","5.99","2007-03-02 13:43:53.996577"
"Mexico","2.99","2007-04-07 12:10:24.996577"
"China","2.99","2007-04-27 01:32:03.996577"
"China","1.99","2007-04-29 10:05:56.996577"
"China","0.99","2007-04-06 14:09:41.996577"
"Mexico","4.99","2007-03-18 02:50:27.996577"
"China","2.99","2007-04-12 15:00:59.996577"
"China","0.99","2007-04-27 17:56:43.996577"
"Mexico","2.99","2007-03-17 05:55:13.996577"
"Mexico","4.99","2007-04-27 06:29:02.996577"
"China","0.99","2007-03-19 06:08:34.996577"
"Mexico","8.99","2007-04-07 23:31:38.996577"
"China","0.99","2007-04-08 23:47:29.996577"
"China","1.99","2007-04-29 14:27:32.996577"
"Mexico","4.99","2007-04-06 07:43:41.996577"
"Mexico","1.99","2007-03-19 23:00:43.996577"
"China","4.99","2007-04-11 10:04:29.996577"
"China","0.99","2007-03-21 15:58:35.996577"
"Mexico","0.99","2007-04-30 05:03:47.996577"
"Mexico","2.99","2007-03-20 14:59:15.996577"
"China","5.99","2007-04-30 11:22:29.996577"
"China","2.99","2007-03-22 12:59:05.996577"
"China","0.99","2007-04-09 12:02:19.996577"
"Mexico","0.99","2007-02-17 01:26:00.996577"
"China","0.99","2007-03-17 13:00:22.996577"
"China","2.99","2007-04-30 17:05:50.996577"
"China","0.99","2007-04-10 22:37:43.996577"
"China","4.99","2007-03-17 16:18:03.996577"
"Mexico","2.99","2007-03-02 01:53:34.996577"
"China","4.99","2007-04-30 08:20:42.996577"
"China","0.99","2007-03-18 04:17:19.996577"
"Mexico","4.99","2007-03-02 17:38:47.996577"
"China","0.99","2007-04-30 15:21:09.996577"
"Mexico","7.99","2007-04-09 12:24:11.996577"
"Mexico","4.99","2007-03-21 19:43:49.996577"
"China","2.99","2007-04-30 16:30:51.996577"
"Mexico","0.99","2007-03-02 10:10:49.996577"
"China","2.99","2007-04-30 09:42:18.996577"
"China","2.99","2007-02-20 04:28:47.996577"
"Mexico","3.99","2007-04-30 05:40:16.996577"
"China","3.99","2007-04-10 03:42:09.996577"
"Mexico","2.99","2007-02-19 17:32:58.996577"
"China","0.99","2007-03-21 02:09:01.996577"
"China","5.99","2007-04-27 15:50:18.996577"
"China","2.99","2007-04-27 20:21:44.996577"
"China","8.99","2007-03-17 01:31:22.996577"
"China","2.99","2007-04-08 08:34:52.996577"
"Mexico","6.99","2007-02-21 01:07:57.996577"
"China","0.99","2007-02-18 07:53:16.996577"
"Mexico","0.99","2007-03-21 14:59:14.996577"
"China","2.99","2007-04-28 21:20:10.996577"
"China","6.99","2007-04-11 03:21:06.996577"
"China","2.99","2007-03-23 05:22:32.996577"
"Mexico","7.99","2007-03-01 19:40:20.996577"
"Mexico","0.99","2007-02-15 00:36:30.996577"
"Mexico","5.99","2007-03-20 16:33:38.996577"
"China","0.99","2007-03-17 09:45:13.996577"
"China","1.99","2007-04-29 10:01:24.996577"
"China","7.99","2007-04-28 09:06:07.996577"
"Mexico","0.99","2007-03-19 20:47:08.996577"
"China","2.99","2007-02-17 14:11:08.996577"
"Mexico","2.99","2007-03-19 23:22:40.996577"
"Mexico","5.99","2007-03-19 11:04:22.996577"
"China","5.99","2007-03-22 23:42:27.996577"
"Mexico","4.99","2007-04-07 17:08:22.996577"
"Mexico","6.99","2007-04-07 03:34:53.996577"
"China","0.99","2007-03-17 04:15:58.996577"
"China","2.99","2007-04-28 09:49:02.996577"
"China","0.99","2007-03-02 20:06:02.996577"
"China","4.99","2007-02-21 01:16:22.996577"
"China","2.99","2007-03-18 12:52:21.996577"
"Mexico","5.99","2007-02-21 06:51:31.996577"
"Mexico","7.99","2007-04-09 19:56:33.996577"
"Mexico","0.99","2007-03-19 14:34:04.996577"
"China","0.99","2007-03-21 10:13:03.996577"
"China","0.99","2007-03-19 22:28:50.996577"
"Mexico","4.99","2007-04-30 07:53:21.996577"
"Mexico","2.99","2007-02-15 20:22:46.996577"
"China","9.99","2007-03-19 16:10:32.996577"
"China","2.99","2007-04-11 05:30:01.996577"
"Mexico","8.99","2007-04-29 07:13:12.996577"
"Mexico","4.99","2007-03-01 03:25:40.996577"
"China","0.99","2007-04-10 03:25:21.996577"
"China","6.99","2007-03-17 21:28:12.996577"
"China","0.99","2007-03-17 03:05:05.996577"
"Mexico","6.99","2007-03-17 03:56:03.996577"
"China","2.99","2007-03-22 22:48:57.996577"
"China","2.99","2007-04-09 18:21:10.996577"
"China","10.99","2007-02-17 16:37:30.996577"
"China","2.99","2007-04-11 16:02:30.996577"
"China","5.99","2007-04-29 04:13:56.996577"
"Bangladesh","6.99","2007-04-07 04:49:18.996577"
"China","4.99","2007-03-02 02:16:39.996577"
"Mexico","0.99","2007-03-01 02:36:30.996577"
"China","3.99","2007-04-10 09:37:38.996577"
"Mexico","4.99","2007-03-01 03:08:28.996577"
"China","6.99","2007-04-11 05:31:45.996577"
"China","9.99","2007-02-20 14:24:31.996577"
"China","2.99","2007-04-07 12:41:31.996577"
"Mexico","4.99","2007-03-22 06:20:57.996577"
"Mexico","4.99","2007-04-27 04:42:14.996577"
"China","0.99","2007-02-18 18:01:32.996577"
"Mexico","1.99","2007-04-30 20:31:00.996577"
"China","0.99","2007-03-20 16:45:00.996577"
"China","0.99","2007-02-15 12:33:37.996577"
"Mexico","2.99","2007-04-06 17:55:58.996577"
"China","2.99","2007-03-20 01:10:54.996577"
"China","4.99","2007-02-16 10:58:45.996577"
"Mexico","6.99","2007-03-01 06:21:55.996577"
"Mexico","6.99","2007-03-23 19:36:25.996577"
"Mexico","6.99","2007-04-09 15:16:55.996577"
"Bangladesh","5.99","2007-03-02 11:25:03.996577"
"Bangladesh","9.99","2007-03-20 07:54:40.996577"
"Mexico","0.99","2007-03-22 21:30:11.996577"
"China","6.99","2007-04-30 12:17:28.996577"
"China","0.99","2007-03-23 18:57:36.996577"
"Mexico","0.99","2007-04-30 23:51:26.996577"
"China","7.99","2007-02-19 18:58:47.996577"
"Mexico","2.99","2007-03-17 09:28:34.996577"
"China","0.99","2007-02-18 11:59:41.996577"
"China","4.99","2007-04-09 21:45:06.996577"
"China","8.99","2007-04-30 16:38:22.996577"
"China","4.99","2007-05-14 13:44:29.996577"
"China","4.99","2007-04-12 17:02:11.996577"
"China","0.99","2007-02-17 11:08:16.996577"
"China","0.99","2007-04-08 11:36:44.996577"
"China","3.99","2007-04-30 13:33:23.996577"
"China","2.99","2007-03-20 12:47:29.996577"
"Mexico","9.99","2007-03-18 09:11:09.996577"
"China","4.99","2007-04-30 01:34:21.996577"
"Bangladesh","2.99","2007-02-18 14:06:21.996577"
"China","4.99","2007-04-30 09:32:46.996577"
"China","8.99","2007-04-28 16:57:42.996577"
"Mexico","5.99","2007-04-09 10:30:49.996577"
"China","2.99","2007-04-09 09:22:25.996577"
"China","4.99","2007-04-10 14:35:42.996577"
"China","6.99","2007-04-29 03:09:05.996577"
"China","4.99","2007-03-17 15:34:19.996577"
"Mexico","6.99","2007-03-18 05:14:59.996577"
"Mexico","2.99","2007-04-08 23:26:12.996577"
"China","6.99","2007-03-01 04:37:10.996577"
"China","4.99","2007-04-26 23:33:50.996577"
"China","4.99","2007-04-12 05:36:47.996577"
"Mexico","5.99","2007-04-08 08:41:34.996577"
"Mexico","3.99","2007-03-02 06:34:12.996577"
"Mexico","3.99","2007-04-30 16:53:56.996577"
"Mexico","3.99","2007-04-12 06:48:07.996577"
"China","0.99","2007-03-01 08:16:55.996577"
"China","1.99","2007-04-11 16:18:35.996577"
"China","4.99","2007-04-30 17:01:17.996577"
"China","0.99","2007-04-30 11:12:06.996577"
"Mexico","0.99","2007-04-28 15:24:13.996577"
"China","2.99","2007-03-17 16:25:14.996577"
"Mexico","4.99","2007-04-29 10:47:06.996577"
"Mexico","0.99","2007-04-30 10:16:14.996577"
"Mexico","2.99","2007-04-30 22:36:27.996577"
"Mexico","4.99","2007-03-23 07:00:15.996577"
"Mexico","4.99","2007-04-08 08:00:34.996577"
"Mexico","2.99","2007-03-18 02:50:57.996577"
"Mexico","0.99","2007-04-27 00:14:10.996577"
"Mexico","2.99","2007-04-11 03:36:37.996577"
"China","3.99","2007-02-19 01:29:55.996577"
"Mexico","4.99","2007-04-08 09:32:13.996577"
"Bangladesh","0.99","2007-03-01 07:22:52.996577"
"China","2.99","2007-03-20 17:32:15.996577"
"China","6.99","2007-03-21 05:48:23.996577"
"Mexico","4.99","2007-04-09 15:28:39.996577"
"Mexico","4.99","2007-04-30 05:10:12.996577"
"Mexico","4.99","2007-02-16 07:43:24.996577"
"Bangladesh","6.99","2007-03-18 17:34:15.996577"
"Mexico","2.99","2007-04-28 15:44:04.996577"
"China","8.99","2007-04-06 18:54:41.996577"
"Mexico","4.99","2007-05-14 13:44:29.996577"
"Mexico","4.99","2007-04-06 13:40:10.996577"
"Mexico","2.99","2007-04-12 20:32:15.996577"
"China","3.99","2007-03-01 07:59:26.996577"
"China","4.99","2007-04-05 23:52:34.996577"
"China","3.99","2007-04-27 19:41:54.996577"
"Mexico","2.99","2007-02-15 21:36:16.996577"
"Bangladesh","8.99","2007-03-19 23:19:20.996577"
"Mexico","6.99","2007-04-28 15:41:19.996577"
"Mexico","6.99","2007-04-07 06:40:52.996577"
"China","6.99","2007-02-15 02:47:03.996577"
"Mexico","4.99","2007-03-21 08:30:31.996577"
"China","4.99","2007-04-27 05:48:00.996577"
"China","4.99","2007-04-08 16:14:56.996577"
"Mexico","4.99","2007-04-10 15:40:03.996577"
"Mexico","7.99","2007-04-09 22:48:49.996577"
"China","4.99","2007-03-02 16:14:21.996577"
"China","4.99","2007-04-30 00:24:48.996577"
"Mexico","6.99","2007-03-22 12:07:46.996577"
"China","2.99","2007-03-23 04:05:39.996577"
"Mexico","0.99","2007-03-23 06:58:19.996577"
"Mexico","0.99","2007-03-23 02:37:29.996577"
"China","6.99","2007-03-17 05:12:48.996577"
"China","0.99","2007-03-23 20:36:30.996577"
"China","6.99","2007-02-17 03:05:46.996577"
"China","6.99","2007-02-19 16:22:48.996577"
"China","2.99","2007-04-10 22:27:53.996577"
"China","2.99","2007-04-10 11:13:14.996577"
"China","4.99","2007-04-09 13:02:44.996577"
"Mexico","0.99","2007-04-08 09:47:57.996577"
"Mexico","3.99","2007-02-15 22:46:05.996577"
"Mexico","6.99","2007-03-17 15:50:01.996577"
"China","2.99","2007-03-02 16:43:20.996577"
"China","5.99","2007-03-20 03:31:25.996577"
"China","4.99","2007-03-18 15:28:03.996577"
"China","4.99","2007-04-10 14:33:25.996577"
"Mexico","5.99","2007-04-06 21:32:59.996577"
"China","4.99","2007-03-20 23:53:26.996577"
"China","4.99","2007-03-02 12:14:05.996577"
"China","4.99","2007-04-06 23:36:44.996577"
"China","7.99","2007-03-17 21:53:47.996577"
"China","2.99","2007-03-16 23:30:32.996577"
"Mexico","9.99","2007-04-11 11:42:11.996577"
"Mexico","4.99","2007-03-02 11:00:07.996577"
"Mexico","5.99","2007-04-30 20:53:00.996577"
"Mexico","1.99","2007-04-09 01:53:44.996577"
"China","8.99","2007-02-16 04:46:21.996577"
"Mexico","0.99","2007-04-30 19:53:19.996577"
"Mexico","2.99","2007-03-22 19:42:12.996577"
"Mexico","2.99","2007-04-10 01:43:50.996577"
"China","4.99","2007-04-09 00:13:06.996577"
"China","3.99","2007-03-20 10:50:30.996577"
"China","3.99","2007-03-20 07:25:37.996577"
"China","6.99","2007-04-27 15:10:56.996577"
"China","7.99","2007-04-28 23:10:22.996577"
"China","4.99","2007-04-28 17:56:49.996577"
"Mexico","2.99","2007-02-15 10:41:08.996577"
"China","0.99","2007-03-21 02:17:09.996577"
"Mexico","0.99","2007-04-30 05:02:07.996577"
"China","2.99","2007-03-17 23:02:11.996577"
"China","0.99","2007-03-02 14:41:54.996577"
"Bangladesh","0.99","2007-03-02 05:39:23.996577"
"China","4.99","2007-03-21 23:56:17.996577"
"Bangladesh","7.99","2007-02-18 02:37:16.996577"
"China","4.99","2007-04-06 00:00:53.996577"
"Mexico","5.99","2007-04-30 13:12:00.996577"
"China","6.99","2007-03-21 16:27:35.996577"
"China","4.99","2007-04-28 20:33:50.996577"
"China","2.99","2007-02-17 15:08:29.996577"
"China","5.99","2007-02-18 22:12:47.996577"
"Mexico","0.99","2007-04-30 00:12:00.996577"
"China","9.99","2007-04-29 05:23:14.996577"
"China","6.99","2007-04-07 21:34:19.996577"
"Mexico","0.99","2007-04-06 00:34:58.996577"
"Mexico","4.99","2007-04-11 13:54:55.996577"
"China","1.99","2007-04-12 12:12:29.996577"
"Bangladesh","0.99","2007-04-30 09:13:38.996577"
"Mexico","4.99","2007-04-07 12:50:44.996577"
"China","2.99","2007-03-01 18:23:35.996577"
"Mexico","0.99","2007-03-23 00:27:40.996577"
"China","6.99","2007-03-16 23:52:05.996577"
"Mexico","5.99","2007-04-12 12:03:28.996577"
"China","4.99","2007-03-20 11:48:35.996577"
"China","4.99","2007-04-29 23:16:57.996577"
"China","6.99","2007-03-20 19:11:16.996577"
"China","3.99","2007-03-22 07:32:10.996577"
"China","7.99","2007-03-17 03:22:40.996577"
"China","0.99","2007-04-30 02:25:58.996577"
"China","0.99","2007-03-16 22:23:13.996577"
"China","8.99","2007-04-09 06:21:48.996577"
"China","4.99","2007-04-07 20:56:58.996577"
"Mexico","4.99","2007-02-17 19:07:20.996577"
"Mexico","4.99","2007-02-16 05:52:38.996577"
"Mexico","9.99","2007-04-28 16:52:15.996577"
"China","3.99","2007-04-10 01:11:24.996577"
"China","0.99","2007-02-20 14:25:27.996577"
"Mexico","8.99","2007-04-10 17:35:13.996577"
"Mexico","8.99","2007-04-10 13:50:30.996577"
"Mexico","0.99","2007-03-16 23:28:13.996577"
"China","3.99","2007-03-01 01:37:22.996577"
"China","2.99","2007-04-10 08:28:27.996577"
"Mexico","0.99","2007-03-23 09:58:58.996577"
"China","0.99","2007-04-28 02:07:51.996577"
"China","4.99","2007-04-29 23:15:21.996577"
"China","2.99","2007-03-20 06:03:08.996577"
"Mexico","4.99","2007-04-08 00:12:45.996577"
"China","2.99","2007-03-01 03:44:13.996577"
"China","2.99","2007-03-17 17:48:10.996577"
"China","7.99","2007-03-02 05:16:44.996577"
"China","9.99","2007-04-30 17:55:31.996577"
"China","3.99","2007-03-01 07:33:24.996577"
"China","2.99","2007-03-22 20:57:02.996577"
"China","3.99","2007-03-02 09:08:09.996577"
"Mexico","2.99","2007-04-10 13:56:22.996577"
"Mexico","9.99","2007-03-02 00:59:41.996577"
"China","4.99","2007-04-12 16:22:45.996577"
"Mexico","1.99","2007-02-19 10:01:37.996577"
"China","4.99","2007-03-21 06:59:29.996577"
"Mexico","1.99","2007-03-18 21:33:48.996577"
"Mexico","5.99","2007-03-23 14:09:46.996577"
"Mexico","4.99","2007-03-19 00:15:56.996577"
"Bangladesh","4.99","2007-03-19 20:37:54.996577"
"China","0.99","2007-03-23 16:00:45.996577"
"China","2.99","2007-04-09 23:27:03.996577"
"Mexico","6.99","2007-02-17 06:10:48.996577"
"Mexico","0.99","2007-03-20 17:31:00.996577"
"China","2.99","2007-04-12 19:52:25.996577"
"China","3.99","2007-04-30 04:26:20.996577"
"Mexico","4.99","2007-03-20 20:13:49.996577"
"Mexico","0.99","2007-03-23 07:02:36.996577"
"China","0.99","2007-03-21 09:02:11.996577"
"China","1.99","2007-04-30 03:06:07.996577"
"Mexico","5.99","2007-02-16 12:14:22.996577"
"China","1.99","2007-04-29 10:19:50.996577"
"China","5.99","2007-03-17 05:40:24.996577"
"China","2.99","2007-04-30 23:30:01.996577"
"China","2.99","2007-04-28 16:41:41.996577"
"China","7.99","2007-04-12 10:41:09.996577"
"China","1.99","2007-04-29 22:53:14.996577"
"Mexico","7.99","2007-02-19 09:41:01.996577"
"Mexico","2.99","2007-03-01 21:33:59.996577"
"China","4.99","2007-02-19 17:27:19.996577"
"Mexico","7.99","2007-03-02 10:16:06.996577"
"Mexico","8.99","2007-02-17 14:15:26.996577"
"China","4.99","2007-02-19 10:46:43.996577"
"China","8.99","2007-03-21 04:36:39.996577"
"Mexico","4.99","2007-04-11 20:35:19.996577"
"China","4.99","2007-04-30 06:48:13.996577"
"China","0.99","2007-03-19 19:30:47.996577"
"China","5.99","2007-02-15 16:25:30.996577"
"Bangladesh","3.99","2007-03-22 15:06:02.996577"
"Mexico","0.99","2007-02-17 04:32:51.996577"
"Mexico","2.99","2007-03-02 05:55:24.996577"
"China","1.99","2007-03-02 18:25:39.996577"
"China","7.99","2007-04-30 16:55:02.996577"
"Mexico","2.99","2007-04-07 10:04:46.996577"
"China","2.99","2007-03-18 13:09:04.996577"
"China","2.99","2007-04-27 21:08:32.996577"
"China","5.99","2007-04-27 10:17:03.996577"
"Mexico","2.99","2007-04-30 13:43:45.996577"
"China","0.99","2007-03-17 18:26:00.996577"
"China","5.99","2007-04-27 01:34:35.996577"
"Mexico","9.99","2007-02-19 01:38:12.996577"
"China","1.99","2007-04-29 03:20:27.996577"
"Mexico","6.99","2007-03-22 13:58:51.996577"
"Mexico","2.99","2007-03-01 22:06:05.996577"
"Mexico","4.99","2007-04-29 11:10:39.996577"
"China","2.99","2007-04-07 23:21:01.996577"
"China","2.99","2007-04-07 16:13:15.996577"
"Mexico","4.99","2007-04-08 07:02:04.996577"
"China","5.99","2007-03-21 20:57:39.996577"
"Mexico","6.99","2007-04-30 06:53:47.996577"
"Mexico","7.99","2007-03-02 19:28:31.996577"
"China","3.99","2007-04-30 04:52:01.996577"
"China","0.99","2007-04-11 02:00:49.996577"
"China","4.99","2007-04-30 22:56:19.996577"
"China","4.99","2007-04-09 16:07:56.996577"
"Mexico","4.99","2007-03-17 00:49:08.996577"
"Mexico","0.99","2007-03-02 10:46:55.996577"
"Mexico","2.99","2007-03-01 22:35:40.996577"
"Mexico","5.99","2007-04-30 19:30:12.996577"
"China","2.99","2007-03-22 22:31:27.996577"
"Mexico","3.99","2007-03-22 00:33:04.996577"
"China","1.99","2007-03-20 15:33:28.996577"
"China","4.99","2007-04-10 09:53:54.996577"
"Mexico","6.99","2007-03-17 03:24:42.996577"
